Product Name,Brands,Prices,Description,Reviews,remove,After comma,RAM,ROM,display,camera,Battery,Processor,
"Motorola Edge 50 Ultra 5G (Peach Fuzz, 512 GB)",Motorola,"49,999",12 GB RAM | 512 GB ROM | 17.02 cm (6.7 inch) Display | 50MP + 50MP + 64MP | 50MP Front Camera | 4500 mAh Battery | 8s Gen 3 Mobile Platform Processor | 1 Year on Handset and 6 Months on Accessories,4.3,12 GB RAM  512 GB ROM  17.02 cm (6.7 inch) Display  50MP + 50MP + 64MP  50MP Front Camera  4500 mAh Battery  8s Gen 3 Mobile Platform Processor  1 Year on Handset and 6 Months on Accessories,"12 GB RAM,  512 GB ROM,  17.02 cm (6.7 inch) Display,  50MP + 50MP + 64MP  50MP Front Camera,  4500 mAh Battery,  8s Gen 3 Mobile Platform Processor,  1 Year on Handset and 6 Months on Accessories",12 GB RAM,512 GB ROM,17.02 cm (6.7 inch) Display,50MP + 50MP + 64MP  50MP Front Camera,4500 mAh Battery,8s Gen 3 Mobile Platform Processor,
"Honor 200 Pro 5G (Ocean Cyan, 512 GB)",Honor,"39,999",12 GB RAM | 512 GB ROM | 17.22 cm (6.78 inch) Full HD+ Super AMOLED Display | 50MP + 50MP + 12MP | 50MP Front Camera | 5200 mAh Battery | Snapdragon 8s Gen 3 Processor | 1 year manufacturer's warranty for handset & 6 months for accessories,4,12 GB RAM  512 GB ROM  17.22 cm (6.78 inch) Full HD+ Super AMOLED Display  50MP + 50MP + 12MP  50MP Front Camera  5200 mAh Battery  Snapdragon 8s Gen 3 Processor  1 year manufacturer's warranty for handset & 6 months for accessories,"12 GB RAM,  512 GB ROM,  17.22 cm (6.78 inch) Full HD+ Super AMOLED Display,  50MP + 50MP + 12MP  50MP Front Camera,  5200 mAh Battery,  Snapdragon 8s Gen 3 Processor,  1 year manufacturer's warranty for handset & 6 months for accessories",#VALUE!,#VALUE!,#VALUE!,#VALUE!,#VALUE!,#VALUE!,
"SAMSUNG Galaxy S24 5G (Marble Gray, 128 GB)",SAMSUNG,"44,999",8 GB RAM | 128 GB ROM | 15.75 cm (6.2 inch) Full HD+ Display | 50MP + 10MP + 12MP | 12MP Front Camera | 4000 mAh Battery  | Exynos 2400 Processor | 1 Year Manufacturer Warranty for Device and 6 Months for In-Box Accessories,4.6,8 GB RAM  128 GB ROM  15.75 cm (6.2 inch) Full HD+ Display  50MP + 10MP + 12MP  12MP Front Camera  4000 mAh Battery   Exynos 2400 Processor  1 Year Manufacturer Warranty for Device and 6 Months for In-Box Accessories,"8 GB RAM,  128 GB ROM,  15.75 cm (6.2 inch) Full HD+ Display,  50MP + 10MP + 12MP  12MP Front Camera,  4000 mAh Battery,   Exynos 2400 Processor,  1 Year Manufacturer Warranty for Device and 6 Months for In-Box Accessories",8 GB RAM,128 GB ROM,15.75 cm (6.2 inch) Full HD+ Display,50MP + 10MP + 12MP  12MP Front Camera,4000 mAh Battery,Exynos 2400 Processor,
"SAMSUNG Galaxy S24 FE 5G (Mint, 128 GB)",SAMSUNG,"44,999",8 GB RAM | 128 GB ROM | 17.02 cm (6.7 inch) Full HD+ Display50MP + 12MP | 10MP Front Camera | 4700 mAh Battery | Exynos 2400e Processor1 Year Manufacturer Warranty for Device and 6 Months for In-Box Accessories,4.5,8 GB RAM  128 GB ROM  17.02 cm (6.7 inch) Full HD+ Display50MP + 12MP  10MP Front Camera  4700 mAh Battery  Exynos 2400e Processor1 Year Manufacturer Warranty for Device and 6 Months for In-Box Accessories,"8 GB RAM,  128 GB ROM,  17.02 cm (6.7 inch) Full HD+ Display,50MP + 12MP  10MP Front Camera,  4700 mAh Battery,  Exynos 2400e Processor,1 Year Manufacturer Warranty for Device and 6 Months for In-Box Accessories",8 GB RAM,128 GB ROM,17.02 cm (6.7 inch) Full HD+ Display,50MP + 12MP  10MP Front Camera,4700 mAh Battery,Exynos 2400e Processor,
"SAMSUNG Galaxy A55 5G (Awesome Iceblue, 256 GB)",SAMSUNG,"48,999",12 GB RAM | 256 GB ROM | Expandable Upto 1 TB16.76 cm (6.6 inch) Full HD+ Display50MP + 12MP + 5MP | 32MP Front Camera5000 mAh BatteryExynos 1480 Processor1 Year Manufacturer Warranty for Device and 6 Months for In-Box Accessories,4.3,12 GB RAM  256 GB ROM  Expandable Upto 1 TB16.76 cm (6.6 inch) Full HD+ Display50MP + 12MP + 5MP  32MP Front Camera5000 mAh BatteryExynos 1480 Processor1 Year Manufacturer Warranty for Device and 6 Months for In-Box Accessories,"12 GB RAM,  256 GB ROM,  Expandable Upto 1 TB16.76 cm (6.6 inch) Full HD+ Display,50MP + 12MP + 5MP  32MP Front Camera,5000 mAh Battery,Exynos 1480 Processor,1 Year Manufacturer Warranty for Device and 6 Months for In-Box Accessories",12 GB RAM,256 GB ROM,Expandable Upto 1 TB16.76 cm (6.6 inch) Full HD+ Display,50MP + 12MP + 5MP  32MP Front Camera,5000 mAh Battery,Exynos 1480 Processor,
"vivo V30 Pro 5G (Andaman Blue, 512 GB)",vivo,"39,999",12 GB RAM | 512 GB ROM17.22 cm (6.78 inch) Full HD+ Display50MP + 50MP + 50MP | 50MP Front Camera5000 mAh BatteryDimensity 8200 5G Processor1 Year Manufacturer Warranty for Device and 6 Months Manufacturer Warranty for Inbox Accessories,4.5,12 GB RAM  512 GB ROM17.22 cm (6.78 inch) Full HD+ Display50MP + 50MP + 50MP  50MP Front Camera5000 mAh BatteryDimensity 8200 5G Processor1 Year Manufacturer Warranty for Device and 6 Months Manufacturer Warranty for Inbox Accessories,"12 GB RAM,  512 GB ROM,17.22 cm (6.78 inch) Full HD+ Display,50MP + 50MP + 50MP  50MP Front Camera,5000 mAh Battery,Dimensity 8200 5G Processor,1 Year Manufacturer Warranty for Device and 6 Months Manufacturer Warranty for Inbox Accessories",12 GB RAM,512 GB ROM,17.22 cm (6.78 inch) Full HD+ Display,50MP + 50MP + 50MP  50MP Front Camera,5000 mAh Battery,Dimensity 8200 5G Processor,
"SAMSUNG Galaxy S23 5G (Green, 256 GB)",SAMSUNG,"49,999",8 GB RAM | 256 GB ROM15.49 cm (6.1 inch) Full HD+ Display50MP + 10MP + 12MP | 12MP Front Camera3900 mAh Lithium Ion BatteryQualcomm Snapdragon 8 Gen 2 Processor1 Year Manufacturer Warranty for Device and 6 Months Manufacturer Warranty for In-Box Accessories,4.6,8 GB RAM  256 GB ROM15.49 cm (6.1 inch) Full HD+ Display50MP + 10MP + 12MP  12MP Front Camera3900 mAh Lithium Ion BatteryQualcomm Snapdragon 8 Gen 2 Processor1 Year Manufacturer Warranty for Device and 6 Months Manufacturer Warranty for In-Box Accessories,"8 GB RAM,  256 GB ROM,15.49 cm (6.1 inch) Full HD+ Display,50MP + 10MP + 12MP  12MP Front Camera,3900 mAh Lithium Ion Battery,Qualcomm Snapdragon 8 Gen 2 Processor,1 Year Manufacturer Warranty for Device and 6 Months Manufacturer Warranty for In-Box Accessories",8 GB RAM,256 GB ROM,15.49 cm (6.1 inch) Full HD+ Display,50MP + 10MP + 12MP  12MP Front Camera,3900 mAh Lithium Ion Battery,Qualcomm Snapdragon 8 Gen 2 Processor,
"SAMSUNG Galaxy A55 5G (Awesome Iceblue, 256 GB)",SAMSUNG,"27,999",8 GB RAM | 256 GB ROM | Expandable Upto 1 TB16.76 cm (6.6 inch) Full HD+ Display50MP + 12MP + 5MP | 32MP Front Camera5000 mAh BatterySamsung Exynos 1480 Processor1 Year Manufacturer Warranty for Device and 6 Months for In-Box Accessories,4.4,8 GB RAM  256 GB ROM  Expandable Upto 1 TB16.76 cm (6.6 inch) Full HD+ Display50MP + 12MP + 5MP  32MP Front Camera5000 mAh BatterySamsung Exynos 1480 Processor1 Year Manufacturer Warranty for Device and 6 Months for In-Box Accessories,"8 GB RAM,  256 GB ROM,  Expandable Upto 1 TB16.76 cm (6.6 inch) Full HD+ Display,50MP + 12MP + 5MP  32MP Front Camera,5000 mAh Battery,Samsung Exynos 1480 Processor,1 Year Manufacturer Warranty for Device and 6 Months for In-Box Accessories",8 GB RAM,256 GB ROM,Expandable Upto 1 TB16.76 cm (6.6 inch) Full HD+ Display,50MP + 12MP + 5MP  32MP Front Camera,5000 mAh Battery,Samsung Exynos 1480 Processor,
"OnePlus 10 Pro 5G (Volcanic Black, 128 GB)",OnePlus,"36,990",8 GB RAM | 128 GB ROM17.02 cm (6.7 inch) Display48MP Rear Camera | 32MP Front Camera5000 mAh Battery1 Year Manufacturer Warranty for Handset and 6 Months Warranty for In the Box Accessories,4.2,8 GB RAM  128 GB ROM17.02 cm (6.7 inch) Display48MP Rear Camera  32MP Front Camera5000 mAh Battery1 Year Manufacturer Warranty for Handset and 6 Months Warranty for In the Box Accessories,"8 GB RAM,  128 GB ROM,17.02 cm (6.7 inch) Display,48MP Rear Camera,  32MP Front Camera,5000 mAh Battery,1 Year Manufacturer Warranty for Handset and 6 Months Warranty for In the Box Accessories",8 GB RAM,128 GB ROM,17.02 cm (6.7 inch) Display,32MP Front Camera,32MP Front Camera,1 Year Manufacturer Warranty for Handset and 6 Months Warranty for In the Box Accessories,
"Apple iPhone 13 (Blue, 128 GB)",Apple,"44,999",128 GB ROM15.49 cm (6.1 inch) Super Retina XDR Display12MP + 12MP | 12MP Front CameraA15 Bionic Chip Processor1 year warranty for phone and 1 year warranty for in Box Accessories.,4.6,128 GB ROM15.49 cm (6.1 inch) Super Retina XDR Display12MP + 12MP  12MP Front CameraA15 Bionic Chip Processor1 year warranty for phone and 1 year warranty for in Box Accessories.,"128 GB ROM,15.49 cm (6.1 inch) Super Retina XDR Display,12MP + 12MP  12MP Front Camera,A15 Bionic Chip Processor,1 year warranty for phone and 1 year warranty for in Box Accessories.",128 GB ROM,128 GB ROM,12MP + 12MP  12MP Front Camera,12MP + 12MP  12MP Front Camera,1 year warranty for phone and 1 year warranty for in Box Accessories.,#VALUE!,
"Apple iPhone 12 (Blue, 128 GB)",Apple,"49,900","128 GB ROM15.49 cm (6.1 inch) Super Retina XDR Display12MP + 12MP | 12MP Front CameraA14 Bionic Chip with Next Generation Neural Engine ProcessorCeramic ShieldIndustry-leading IP68 Water ResistanceAll Screen OLED Display12MP TrueDepth Front Camera with Night Mode, 4K Dolby Vision HDR Recording1 year warranty for phone and 1 year warranty for in Box Accessories.",4.6,"128 GB ROM15.49 cm (6.1 inch) Super Retina XDR Display12MP + 12MP  12MP Front CameraA14 Bionic Chip with Next Generation Neural Engine ProcessorCeramic ShieldIndustry-leading IP68 Water ResistanceAll Screen OLED Display12MP TrueDepth Front Camera with Night Mode, 4K Dolby Vision HDR Recording1 year warranty for phone and 1 year warranty for in Box Accessories.","128 GB ROM,15.49 cm (6.1 inch) Super Retina XDR Display,12MP + 12MP  12MP Front Camera,A14 Bionic Chip with Next Generation Neural Engine Processor,Ceramic ShieldIndustry-leading IP68 Water ResistanceAll Screen OLED Display,12MP TrueDepth Front Camera, with Night Mode, 4K Dolby Vision HDR Recording1 year warranty for phone and 1 year warranty for in Box Accessories.",128 GB ROM,128 GB ROM,12MP + 12MP  12MP Front Camera,12MP + 12MP  12MP Front Camera,A14 Bionic Chip with Next Generation Neural Engine Processor,12MP TrueDepth Front Camera,
"IQOO 12 5G (Alpha, 256 GB)",IQOO,"53,999",12 GB RAM | 256 GB ROM17.22 cm (6.78 inch) Display50MP Rear Camera5000 mAh Battery1 Year Brand Warranty,4.6,12 GB RAM  256 GB ROM17.22 cm (6.78 inch) Display50MP Rear Camera5000 mAh Battery1 Year Brand Warranty,"12 GB RAM,  256 GB ROM,17.22 cm (6.78 inch) Display,50MP Rear Camera,5000 mAh Battery,1 Year Brand Warranty",12 GB RAM,256 GB ROM,17.22 cm (6.78 inch) Display,50MP Rear Camera,5000 mAh Battery,1 Year Brand Warranty,
"Google Pixel 8a (Obsidian, 128 GB)",Google,"37,999",8 GB RAM | 128 GB ROM15.49 cm (6.1 inch) Full HD+ Display64MP + 13MP | 13MP Front Camera4404 mAh BatteryTensor G3 Processor1 Year Domestic Warranty,4.3,8 GB RAM  128 GB ROM15.49 cm (6.1 inch) Full HD+ Display64MP + 13MP  13MP Front Camera4404 mAh BatteryTensor G3 Processor1 Year Domestic Warranty,"8 GB RAM,  128 GB ROM,15.49 cm (6.1 inch) Full HD+ Display,64MP + 13MP  13MP Front Camera,4404 mAh Battery,Tensor G3 Processor,1 Year Domestic Warranty",8 GB RAM,128 GB ROM,15.49 cm (6.1 inch) Full HD+ Display,64MP + 13MP  13MP Front Camera,4404 mAh Battery,Tensor G3 Processor,
"OPPO Reno10 Pro 5G (Glossy Purple, 256 GB)",OPPO,"29,999",12 GB RAM | 256 GB ROM17.02 cm (6.7 inch) Full HD+ Display50MP + 32MP + 8MP | 32MP Front Camera4600 mAh BatterySnapdragon 778G 5G Processor1 Year Manufacturer Warranty for Phone and 6 Months Warranty for In the Box Accessories,4.3,12 GB RAM  256 GB ROM17.02 cm (6.7 inch) Full HD+ Display50MP + 32MP + 8MP  32MP Front Camera4600 mAh BatterySnapdragon 778G 5G Processor1 Year Manufacturer Warranty for Phone and 6 Months Warranty for In the Box Accessories,"12 GB RAM,  256 GB ROM,17.02 cm (6.7 inch) Full HD+ Display,50MP + 32MP + 8MP  32MP Front Camera,4600 mAh Battery,Snapdragon 778G 5G Processor,1 Year Manufacturer Warranty for Phone and 6 Months Warranty for In the Box Accessories",12 GB RAM,256 GB ROM,17.02 cm (6.7 inch) Full HD+ Display,50MP + 32MP + 8MP  32MP Front Camera,4600 mAh Battery,Snapdragon 778G 5G Processor,
"vivo V40 5G (Lotus Purple, 256 GB)",vivo,"37,999",8 GB RAM | 256 GB ROM17.22 cm (6.78 inch) Full HD+ Display50MP + 50MP | 50MP Front Camera5500 mAh BatterySnapdragon 7 Gen 3 Processor1 Year Warranty on Handset and 6 Months Warranty on Accessories,4.5,8 GB RAM  256 GB ROM17.22 cm (6.78 inch) Full HD+ Display50MP + 50MP  50MP Front Camera5500 mAh BatterySnapdragon 7 Gen 3 Processor1 Year Warranty on Handset and 6 Months Warranty on Accessories,"8 GB RAM,  256 GB ROM,17.22 cm (6.78 inch) Full HD+ Display,50MP + 50MP  50MP Front Camera,5500 mAh Battery,Snapdragon 7 Gen 3 Processor,1 Year Warranty on Handset and 6 Months Warranty on Accessories",8 GB RAM,256 GB ROM,17.22 cm (6.78 inch) Full HD+ Display,50MP + 50MP  50MP Front Camera,5500 mAh Battery,Snapdragon 7 Gen 3 Processor,
"Apple iPhone 14 (Starlight, 128 GB)",Apple,"54,999","128 GB ROM15.49 cm (6.1 inch) Super Retina XDR Display12MP + 12MP | 12MP Front CameraA15 Bionic Chip, 6 Core Processor Processor1 year warranty for phone and 1 year warranty for in Box Accessories.",4.6,"128 GB ROM15.49 cm (6.1 inch) Super Retina XDR Display12MP + 12MP  12MP Front CameraA15 Bionic Chip, 6 Core Processor Processor1 year warranty for phone and 1 year warranty for in Box Accessories.","128 GB ROM,15.49 cm (6.1 inch) Super Retina XDR Display,12MP + 12MP  12MP Front Camera,A15 Bionic Chip, 6 Core Processor, Processor,1 year warranty for phone and 1 year warranty for in Box Accessories.",128 GB ROM,128 GB ROM,12MP + 12MP  12MP Front Camera,12MP + 12MP  12MP Front Camera,6 Core Processor,Processor,
"IQOO 12 5G (Alpha, 512 GB)",IQOO,"49,890",16 GB RAM | 512 GB ROM17.22 cm (6.78 inch) Display50MP Rear Camera5000 mAh Battery1 Year Brand Warranty,4.4,16 GB RAM  512 GB ROM17.22 cm (6.78 inch) Display50MP Rear Camera5000 mAh Battery1 Year Brand Warranty,"16 GB RAM,  512 GB ROM,17.22 cm (6.78 inch) Display,50MP Rear Camera,5000 mAh Battery,1 Year Brand Warranty",16 GB RAM,512 GB ROM,17.22 cm (6.78 inch) Display,50MP Rear Camera,5000 mAh Battery,1 Year Brand Warranty,
"SAMSUNG Galaxy A55 5G (Awesome Navy, 256 GB)",SAMSUNG,"34,995",12 GB RAM | 256 GB ROM | Expandable Upto 1 TB16.76 cm (6.6 inch) Full HD+ Display50MP + 12MP + 5MP | 32MP Front Camera5000 mAh BatterySamsung Exynos 1480 Processor1 Year Manufacturer Warranty for Device and 6 Months for In-Box Accessories,4.3,12 GB RAM  256 GB ROM  Expandable Upto 1 TB16.76 cm (6.6 inch) Full HD+ Display50MP + 12MP + 5MP  32MP Front Camera5000 mAh BatterySamsung Exynos 1480 Processor1 Year Manufacturer Warranty for Device and 6 Months for In-Box Accessories,"12 GB RAM,  256 GB ROM,  Expandable Upto 1 TB16.76 cm (6.6 inch) Full HD+ Display,50MP + 12MP + 5MP  32MP Front Camera,5000 mAh Battery,Samsung Exynos 1480 Processor,1 Year Manufacturer Warranty for Device and 6 Months for In-Box Accessories",12 GB RAM,256 GB ROM,Expandable Upto 1 TB16.76 cm (6.6 inch) Full HD+ Display,50MP + 12MP + 5MP  32MP Front Camera,5000 mAh Battery,Samsung Exynos 1480 Processor,
"SAMSUNG Galaxy S23 5G (Phantom Black, 128 GB)",SAMSUNG,"44,999",8 GB RAM | 128 GB ROM15.49 cm (6.1 inch) Full HD+ Display50MP + 10MP + 12MP | 12MP Front Camera3900 mAh Lithium Ion BatteryQualcomm Snapdragon 8 Gen 2 Processor1 Year Manufacturer Warranty for Device and 6 Months Manufacturer Warranty for In-Box Accessories,4.6,8 GB RAM  128 GB ROM15.49 cm (6.1 inch) Full HD+ Display50MP + 10MP + 12MP  12MP Front Camera3900 mAh Lithium Ion BatteryQualcomm Snapdragon 8 Gen 2 Processor1 Year Manufacturer Warranty for Device and 6 Months Manufacturer Warranty for In-Box Accessories,"8 GB RAM,  128 GB ROM,15.49 cm (6.1 inch) Full HD+ Display,50MP + 10MP + 12MP  12MP Front Camera,3900 mAh Lithium Ion Battery,Qualcomm Snapdragon 8 Gen 2 Processor,1 Year Manufacturer Warranty for Device and 6 Months Manufacturer Warranty for In-Box Accessories",8 GB RAM,128 GB ROM,15.49 cm (6.1 inch) Full HD+ Display,50MP + 10MP + 12MP  12MP Front Camera,3900 mAh Lithium Ion Battery,Qualcomm Snapdragon 8 Gen 2 Processor,
"SAMSUNG Galaxy A36 5G (Awesome Black, 256 GB)",SAMSUNG,"36,999",12 GB RAM | 256 GB ROM17.02 cm (6.7 inch) Full HD+ Display50MP + 8MP | 12MP Front Camera5000 mAh BatteryQualcomm Snapdragon 6 Gen 3 Processor1 Year Manufacturer Warranty for Device and 6 Months for In-Box Accessories,4.2,12 GB RAM  256 GB ROM17.02 cm (6.7 inch) Full HD+ Display50MP + 8MP  12MP Front Camera5000 mAh BatteryQualcomm Snapdragon 6 Gen 3 Processor1 Year Manufacturer Warranty for Device and 6 Months for In-Box Accessories,"12 GB RAM,  256 GB ROM,17.02 cm (6.7 inch) Full HD+ Display,50MP + 8MP  12MP Front Camera,5000 mAh Battery,Qualcomm Snapdragon 6 Gen 3 Processor,1 Year Manufacturer Warranty for Device and 6 Months for In-Box Accessories",12 GB RAM,256 GB ROM,17.02 cm (6.7 inch) Full HD+ Display,50MP + 8MP  12MP Front Camera,5000 mAh Battery,Qualcomm Snapdragon 6 Gen 3 Processor,
"Google Pixel 9A (Obsidian, 256 GB)",Google,"49,999",8 GB RAM | 256 GB ROM15.96 cm (6.285 inch) Full HD+ Display48MP + 12MP | 12MP Front Camera5100 mAh BatteryTensor G4 Processor1 Year Domestic Warranty,4.5,8 GB RAM  256 GB ROM15.96 cm (6.285 inch) Full HD+ Display48MP + 12MP  12MP Front Camera5100 mAh BatteryTensor G4 Processor1 Year Domestic Warranty,"8 GB RAM,  256 GB ROM,15.96 cm (6.285 inch) Full HD+ Display,48MP + 12MP  12MP Front Camera,5100 mAh Battery,Tensor G4 Processor,1 Year Domestic Warranty",8 GB RAM,256 GB ROM,15.96 cm (6.285 inch) Full HD+ Display,48MP + 12MP  12MP Front Camera,5100 mAh Battery,Tensor G4 Processor,
"vivo V30 5G (Classic Black, 256 GB)",vivo,"34,990",12 GB RAM | 256 GB ROM17.22 cm (6.78 inch) Full HD+ Display50MP + 50MP | 50MP Front Camera5000 mAh Battery7 Gen 3 Processor1 Year Manufacturer Warranty for Device and 6 Months Manufacturer Warranty for Inbox Accessories,4.5,12 GB RAM  256 GB ROM17.22 cm (6.78 inch) Full HD+ Display50MP + 50MP  50MP Front Camera5000 mAh Battery7 Gen 3 Processor1 Year Manufacturer Warranty for Device and 6 Months Manufacturer Warranty for Inbox Accessories,"12 GB RAM,  256 GB ROM,17.22 cm (6.78 inch) Full HD+ Display,50MP + 50MP  50MP Front Camera,5000 mAh Battery,7 Gen 3 Processor,1 Year Manufacturer Warranty for Device and 6 Months Manufacturer Warranty for Inbox Accessories",12 GB RAM,256 GB ROM,17.22 cm (6.78 inch) Full HD+ Display,50MP + 50MP  50MP Front Camera,5000 mAh Battery,7 Gen 3 Processor,
"Honor 200 Pro 5G (Black, 512 GB)",Honor,"38,000",12 GB RAM | 512 GB ROM17.22 cm (6.78 inch) Full HD+ Super AMOLED Display50MP + 50MP + 12MP | 50MP Front Camera5200 mAh BatterySnapdragon 8s Gen 3 Processor1 year manufacturer's warranty for handset & 6 months for accessories,4,12 GB RAM  512 GB ROM17.22 cm (6.78 inch) Full HD+ Super AMOLED Display50MP + 50MP + 12MP  50MP Front Camera5200 mAh BatterySnapdragon 8s Gen 3 Processor1 year manufacturer's warranty for handset & 6 months for accessories,"12 GB RAM,  512 GB ROM,17.22 cm (6.78 inch) Full HD+ Super AMOLED Display,50MP + 50MP + 12MP  50MP Front Camera,5200 mAh Battery,Snapdragon 8s Gen 3 Processor,1 year manufacturer's warranty for handset & 6 months for accessories",#VALUE!,#VALUE!,#VALUE!,#VALUE!,#VALUE!,#VALUE!,
"IQOO NEO9 PRO (Fiery Red, 128 GB)",IQOO,"34,227",8 GB RAM | 128 GB ROM17.22 cm (6.78 inch) Display50MP Rear Camera5160 mAh Battery1 Year,4.5,8 GB RAM  128 GB ROM17.22 cm (6.78 inch) Display50MP Rear Camera5160 mAh Battery1 Year,"8 GB RAM,  128 GB ROM,17.22 cm (6.78 inch) Display,50MP Rear Camera,5160 mAh Battery,1 Year",8 GB RAM,128 GB ROM,17.22 cm (6.78 inch) Display,50MP Rear Camera,5160 mAh Battery,1 Year,
"Apple iPhone 14 (Midnight, 128 GB)",Apple,"54,999","128 GB ROM15.49 cm (6.1 inch) Super Retina XDR Display12MP + 12MP | 12MP Front CameraA15 Bionic Chip, 6 Core Processor Processor1 year warranty for phone and 1 year warranty for in Box Accessories.",4.6,"128 GB ROM15.49 cm (6.1 inch) Super Retina XDR Display12MP + 12MP  12MP Front CameraA15 Bionic Chip, 6 Core Processor Processor1 year warranty for phone and 1 year warranty for in Box Accessories.","128 GB ROM,15.49 cm (6.1 inch) Super Retina XDR Display,12MP + 12MP  12MP Front Camera,A15 Bionic Chip, 6 Core Processor, Processor,1 year warranty for phone and 1 year warranty for in Box Accessories.",128 GB ROM,128 GB ROM,12MP + 12MP  12MP Front Camera,12MP + 12MP  12MP Front Camera,6 Core Processor,Processor,
"OnePlus 11 5G (Eternal Green, 128 GB)",OnePlus,"35,999",8 GB RAM | 128 GB ROM17.02 cm (6.7 inch) Display50MP Rear Camera | 16MP Front Camera5000 mAh Batterydomestic warranty of 12 months on phone & 6 months on accessories,4.4,8 GB RAM  128 GB ROM17.02 cm (6.7 inch) Display50MP Rear Camera  16MP Front Camera5000 mAh Batterydomestic warranty of 12 months on phone & 6 months on accessories,"8 GB RAM,  128 GB ROM,17.02 cm (6.7 inch) Display,50MP Rear Camera,  16MP Front Camera,5000 mAh Battery,domestic warranty of 12 months on phone & 6 months on accessories",#VALUE!,#VALUE!,#VALUE!,#VALUE!,#VALUE!,#VALUE!,
"vivo V40 5G (Ganges Blue, 512 GB)",vivo,"42,999",12 GB RAM | 512 GB ROM17.22 cm (6.78 inch) Full HD+ Display50MP + 50MP | 50MP Front Camera5500 mAh BatterySnapdragon 7 Gen 3 Processor1 Year Warranty on Handset and 6 Months Warranty on Accessories,4.6,12 GB RAM  512 GB ROM17.22 cm (6.78 inch) Full HD+ Display50MP + 50MP  50MP Front Camera5500 mAh BatterySnapdragon 7 Gen 3 Processor1 Year Warranty on Handset and 6 Months Warranty on Accessories,"12 GB RAM,  512 GB ROM,17.22 cm (6.78 inch) Full HD+ Display,50MP + 50MP  50MP Front Camera,5500 mAh Battery,Snapdragon 7 Gen 3 Processor,1 Year Warranty on Handset and 6 Months Warranty on Accessories",12 GB RAM,512 GB ROM,17.22 cm (6.78 inch) Full HD+ Display,50MP + 50MP  50MP Front Camera,5500 mAh Battery,Snapdragon 7 Gen 3 Processor,
"POCO F6 5G (Black, 512 GB)",POCO,"33,999",12 GB RAM | 512 GB ROM16.94 cm (6.67 inch) Display50MP (OIS) + 8MP | 20MP Front Camera5000 mAh Battery8s Gen3 Processor1 Year Manufacturer Warranty for Phone and 6 Months Warranty for In the Box Accessories,4.3,12 GB RAM  512 GB ROM16.94 cm (6.67 inch) Display50MP (OIS) + 8MP  20MP Front Camera5000 mAh Battery8s Gen3 Processor1 Year Manufacturer Warranty for Phone and 6 Months Warranty for In the Box Accessories,"12 GB RAM,  512 GB ROM,16.94 cm (6.67 inch) Display,50MP (OIS) + 8MP  20MP Front Camera,5000 mAh Battery,8s Gen3 Processor,1 Year Manufacturer Warranty for Phone and 6 Months Warranty for In the Box Accessories",12 GB RAM,512 GB ROM,16.94 cm (6.67 inch) Display,50MP (OIS) + 8MP  20MP Front Camera,5000 mAh Battery,8s Gen3 Processor,
"SAMSUNG Galaxy A54 5G (Awesome Lime, 256 GB)",SAMSUNG,"37,499","8 GB RAM | 256 GB ROM | Expandable Upto 1 TB16.26 cm (6.4 inch) Full HD+ Display50MP + 12MP + 5MP | 32MP Front Camera5000 mAh BatteryExynos 1380, Octa Core Processor1 Year Manufacturer Warranty for Device and 6 Months Manufacturer Warranty for In-Box Accessories",4.3,"8 GB RAM  256 GB ROM  Expandable Upto 1 TB16.26 cm (6.4 inch) Full HD+ Display50MP + 12MP + 5MP  32MP Front Camera5000 mAh BatteryExynos 1380, Octa Core Processor1 Year Manufacturer Warranty for Device and 6 Months Manufacturer Warranty for In-Box Accessories","8 GB RAM,  256 GB ROM,  Expandable Upto 1 TB16.26 cm (6.4 inch) Full HD+ Display,50MP + 12MP + 5MP  32MP Front Camera,5000 mAh Battery,Exynos 1380, Octa Core Processor,1 Year Manufacturer Warranty for Device and 6 Months Manufacturer Warranty for In-Box Accessories",8 GB RAM,256 GB ROM,Expandable Upto 1 TB16.26 cm (6.4 inch) Full HD+ Display,50MP + 12MP + 5MP  32MP Front Camera,5000 mAh Battery,Exynos 1380,
"Google Pixel 8a (Porcelain, 128 GB)",Google,"37,999",8 GB RAM | 128 GB ROM15.49 cm (6.1 inch) Full HD+ Display64MP + 13MP | 13MP Front Camera4404 mAh BatteryTensor G3 Processor1 Year Domestic Warranty,4.3,8 GB RAM  128 GB ROM15.49 cm (6.1 inch) Full HD+ Display64MP + 13MP  13MP Front Camera4404 mAh BatteryTensor G3 Processor1 Year Domestic Warranty,"8 GB RAM,  128 GB ROM,15.49 cm (6.1 inch) Full HD+ Display,64MP + 13MP  13MP Front Camera,4404 mAh Battery,Tensor G3 Processor,1 Year Domestic Warranty",8 GB RAM,128 GB ROM,15.49 cm (6.1 inch) Full HD+ Display,64MP + 13MP  13MP Front Camera,4404 mAh Battery,Tensor G3 Processor,
"OPPO Reno 12 Pro 5G (Space Brown, 512 GB)",OPPO,"40,999",12 GB RAM | 512 GB ROM | Expandable Upto 1 TB17.02 cm (6.7 inch) Full HD+ Display50MP + 8MP + 50MP | 50MP Front Camera5000 mAh BatteryDimensity 7300 Energy Processor1 Year Manufacturer Warranty for Device and 6 Months Manufacturer Warranty for Inbox Accessories,4.4,12 GB RAM  512 GB ROM  Expandable Upto 1 TB17.02 cm (6.7 inch) Full HD+ Display50MP + 8MP + 50MP  50MP Front Camera5000 mAh BatteryDimensity 7300 Energy Processor1 Year Manufacturer Warranty for Device and 6 Months Manufacturer Warranty for Inbox Accessories,"12 GB RAM,  512 GB ROM,  Expandable Upto 1 TB17.02 cm (6.7 inch) Full HD+ Display,50MP + 8MP + 50MP  50MP Front Camera,5000 mAh Battery,Dimensity 7300 Energy Processor,1 Year Manufacturer Warranty for Device and 6 Months Manufacturer Warranty for Inbox Accessories",12 GB RAM,512 GB ROM,Expandable Upto 1 TB17.02 cm (6.7 inch) Full HD+ Display,50MP + 8MP + 50MP  50MP Front Camera,5000 mAh Battery,Dimensity 7300 Energy Processor,
"Google Pixel 7 (Lemongrass, 128 GB)",Google,"30,999",8 GB RAM | 128 GB ROM16.0 cm (6.3 inch) Full HD+ Display50MP + 12MP | 10.8MP Front Camera4270 mAh BatteryGoogle Tensor G2 Processor1 Year warranty,4.3,8 GB RAM  128 GB ROM16.0 cm (6.3 inch) Full HD+ Display50MP + 12MP  10.8MP Front Camera4270 mAh BatteryGoogle Tensor G2 Processor1 Year warranty,"8 GB RAM,  128 GB ROM,16.0 cm (6.3 inch) Full HD+ Display,50MP + 12MP  10.8MP Front Camera,4270 mAh Battery,Google Tensor G2 Processor,1 Year warranty",8 GB RAM,128 GB ROM,16.0 cm (6.3 inch) Full HD+ Display,50MP + 12MP  10.8MP Front Camera,4270 mAh Battery,Google Tensor G2 Processor,
"OnePlus 12R (Cool Blue, 256 GB)",OnePlus,"39,999",8 GB RAM | 256 GB ROM | 17.22 cm (6.78 inch) Display | 50MP Rear Camera | 5500 mAh Battery | 1 year manufacturer warranty for device and 1 year manufacturer warranty for in-box accessories including batteries from the date of purchase,4.5,8 GB RAM  256 GB ROM  17.22 cm (6.78 inch) Display  50MP Rear Camera  5500 mAh Battery  1 year manufacturer warranty for device and 1 year manufacturer warranty for in-box accessories including batteries from the date of purchase,"8 GB RAM,  256 GB ROM,  17.22 cm (6.78 inch) Display,  50MP Rear Camera,  5500 mAh Battery,  1 year manufacturer warranty for device and 1 year manufacturer warranty for in-box accessories including batteries from the date of purchase",8 GB RAM,256 GB ROM,17.22 cm (6.78 inch) Display,50MP Rear Camera,5500 mAh Battery,1 year manufacturer warranty for device and 1 year manufacturer warranty for in-box accessories including batteries from the date of purchase,
"SAMSUNG Galaxy S23 5G (Phantom Black, 256 GB)",SAMSUNG,"49,999",8 GB RAM | 256 GB ROM | 15.49 cm (6.1 inch) Full HD+ Display | 50MP + 10MP + 12MP | 12MP Front Camera | 3900 mAh Lithium Ion Battery | Qualcomm Snapdragon 8 Gen 2 Processor1 Year Manufacturer Warranty for Device and 6 Months Manufacturer Warranty for In-Box Accessories,4.6,8 GB RAM  256 GB ROM  15.49 cm (6.1 inch) Full HD+ Display  50MP + 10MP + 12MP  12MP Front Camera  3900 mAh Lithium Ion Battery  Qualcomm Snapdragon 8 Gen 2 Processor1 Year Manufacturer Warranty for Device and 6 Months Manufacturer Warranty for In-Box Accessories,"8 GB RAM,  256 GB ROM,  15.49 cm (6.1 inch) Full HD+ Display,  50MP + 10MP + 12MP  12MP Front Camera,  3900 mAh Lithium Ion Battery,  Qualcomm Snapdragon 8 Gen 2 Processor,1 Year Manufacturer Warranty for Device and 6 Months Manufacturer Warranty for In-Box Accessories",8 GB RAM,256 GB ROM,15.49 cm (6.1 inch) Full HD+ Display,50MP + 10MP + 12MP  12MP Front Camera,3900 mAh Lithium Ion Battery,Qualcomm Snapdragon 8 Gen 2 Processor,
"vivo V40 5G (Lotus Purple, 512 GB)",vivo,"42,999",12 GB RAM | 512 GB ROM17.22 cm (6.78 inch) Full HD+ Display50MP + 50MP | 50MP Front Camera5500 mAh Battery | Snapdragon 7 Gen 3 Processor | 1 Year Warranty on Handset and 6 Months Warranty on Accessories,4.6,12 GB RAM  512 GB ROM17.22 cm (6.78 inch) Full HD+ Display50MP + 50MP  50MP Front Camera5500 mAh Battery  Snapdragon 7 Gen 3 Processor  1 Year Warranty on Handset and 6 Months Warranty on Accessories,"12 GB RAM,  512 GB ROM,17.22 cm (6.78 inch) Full HD+ Display,50MP + 50MP  50MP Front Camera,5500 mAh Battery,  Snapdragon 7 Gen 3 Processor,  1 Year Warranty on Handset and 6 Months Warranty on Accessories",12 GB RAM,512 GB ROM,17.22 cm (6.78 inch) Full HD+ Display,50MP + 50MP  50MP Front Camera,5500 mAh Battery,Snapdragon 7 Gen 3 Processor,
"Google Pixel 8a (Obsidian, 256 GB)",Google,"44,999",8 GB RAM | 256 GB ROM15.49 cm (6.1 inch) Full HD+ Display64MP + 13MP | 13MP Front Camera4404 mAh BatteryTensor G3 Processor1 Year Domestic Warranty,4.3,8 GB RAM  256 GB ROM15.49 cm (6.1 inch) Full HD+ Display64MP + 13MP  13MP Front Camera4404 mAh BatteryTensor G3 Processor1 Year Domestic Warranty,"8 GB RAM,  256 GB ROM,15.49 cm (6.1 inch) Full HD+ Display,64MP + 13MP  13MP Front Camera,4404 mAh Battery,Tensor G3 Processor,1 Year Domestic Warranty",8 GB RAM,256 GB ROM,15.49 cm (6.1 inch) Full HD+ Display,64MP + 13MP  13MP Front Camera,4404 mAh Battery,Tensor G3 Processor,
"Google Pixel 8a (Aloe, 128 GB)",Google,"37,999",8 GB RAM | 128 GB ROM15.49 cm (6.1 inch) Full HD+ Display64MP + 13MP | 13MP Front Camera4404 mAh BatteryTensor G3 Processor1 Year Domestic Warranty,4.3,8 GB RAM  128 GB ROM15.49 cm (6.1 inch) Full HD+ Display64MP + 13MP  13MP Front Camera4404 mAh BatteryTensor G3 Processor1 Year Domestic Warranty,"8 GB RAM,  128 GB ROM,15.49 cm (6.1 inch) Full HD+ Display,64MP + 13MP  13MP Front Camera,4404 mAh Battery,Tensor G3 Processor,1 Year Domestic Warranty",8 GB RAM,128 GB ROM,15.49 cm (6.1 inch) Full HD+ Display,64MP + 13MP  13MP Front Camera,4404 mAh Battery,Tensor G3 Processor,
"OPPO Reno 12 Pro 5G (Sunset Gold, 512 GB)",OPPO,"40,999",12 GB RAM | 512 GB ROM | Expandable Upto 1 TB17.02 cm (6.7 inch) Full HD+ Display50MP + 8MP + 50MP | 50MP Front Camera5000 mAh BatteryDimensity 7300 Energy Processor1 Year Manufacturer Warranty for Device and 6 Months Manufacturer Warranty for Inbox Accessories,4.4,12 GB RAM  512 GB ROM  Expandable Upto 1 TB17.02 cm (6.7 inch) Full HD+ Display50MP + 8MP + 50MP  50MP Front Camera5000 mAh BatteryDimensity 7300 Energy Processor1 Year Manufacturer Warranty for Device and 6 Months Manufacturer Warranty for Inbox Accessories,"12 GB RAM,  512 GB ROM,  Expandable Upto 1 TB17.02 cm (6.7 inch) Full HD+ Display,50MP + 8MP + 50MP  50MP Front Camera,5000 mAh Battery,Dimensity 7300 Energy Processor,1 Year Manufacturer Warranty for Device and 6 Months Manufacturer Warranty for Inbox Accessories",12 GB RAM,512 GB ROM,Expandable Upto 1 TB17.02 cm (6.7 inch) Full HD+ Display,50MP + 8MP + 50MP  50MP Front Camera,5000 mAh Battery,Dimensity 7300 Energy Processor,
"vivo V30 5G (Classic Black, 256 GB)",vivo,"31,499",8 GB RAM | 256 GB ROM17.22 cm (6.78 inch) Full HD+ Display50MP + 50MP | 50MP Front Camera5000 mAh Battery7 Gen 3 Processor1 Year Manufacturer Warranty for Device and 6 Months Manufacturer Warranty for Inbox Accessories,4.5,8 GB RAM  256 GB ROM17.22 cm (6.78 inch) Full HD+ Display50MP + 50MP  50MP Front Camera5000 mAh Battery7 Gen 3 Processor1 Year Manufacturer Warranty for Device and 6 Months Manufacturer Warranty for Inbox Accessories,"8 GB RAM,  256 GB ROM,17.22 cm (6.78 inch) Full HD+ Display,50MP + 50MP  50MP Front Camera,5000 mAh Battery,7 Gen 3 Processor,1 Year Manufacturer Warranty for Device and 6 Months Manufacturer Warranty for Inbox Accessories",8 GB RAM,256 GB ROM,17.22 cm (6.78 inch) Full HD+ Display,50MP + 50MP  50MP Front Camera,5000 mAh Battery,7 Gen 3 Processor,
"OnePlus 12R (Iron Gray, 128 GB)",OnePlus,"38,998",8 GB RAM | 128 GB ROM17.22 cm (6.78 inch) Display50MP Rear Camera5500 mAh Battery1 Year Brand Warranty,4.5,8 GB RAM  128 GB ROM17.22 cm (6.78 inch) Display50MP Rear Camera5500 mAh Battery1 Year Brand Warranty,"8 GB RAM,  128 GB ROM,17.22 cm (6.78 inch) Display,50MP Rear Camera,5500 mAh Battery,1 Year Brand Warranty",8 GB RAM,128 GB ROM,17.22 cm (6.78 inch) Display,50MP Rear Camera,5500 mAh Battery,1 Year Brand Warranty,
"Samsung Galaxy S21 FE 5G with Snapdragon 888 (Olive, 256 GB)",Samsung,"39,990",8 GB RAM | 256 GB ROM16.26 cm (6.4 inch) Full HD+ Display12MP + 12MP + 8MP (OIS) | 32MP Front Camera4500 mAh Lithium-ion BatterySnapdragon 888 Processor1 Year Manufacturer Warranty for Device and 6 Months Manufacturer Warranty for In-Box Accessories,4.3,8 GB RAM  256 GB ROM16.26 cm (6.4 inch) Full HD+ Display12MP + 12MP + 8MP (OIS)  32MP Front Camera4500 mAh Lithium-ion BatterySnapdragon 888 Processor1 Year Manufacturer Warranty for Device and 6 Months Manufacturer Warranty for In-Box Accessories,"8 GB RAM,  256 GB ROM,16.26 cm (6.4 inch) Full HD+ Display,12MP + 12MP + 8MP (OIS)  32MP Front Camera,4500 mAh Lithium-ion Battery,Snapdragon 888 Processor,1 Year Manufacturer Warranty for Device and 6 Months Manufacturer Warranty for In-Box Accessories",8 GB RAM,256 GB ROM,16.26 cm (6.4 inch) Full HD+ Display,12MP + 12MP + 8MP (OIS)  32MP Front Camera,4500 mAh Lithium-ion Battery,Snapdragon 888 Processor,
"Xiaomi 12 Pro 5G (Noir Black, 256 GB)",Xiaomi,"35,990",8 GB RAM | 256 GB ROM17.09 cm (6.73 inch) Full HD+ Display50MP + 50MP + 50MP | 32MP Front Camera4600 mAh Lithium Polymer BatterySnapdragon 8 Gen 1 Processor1 Year Manufacturer Warranty for Phone and 6 Months Warranty for In the Box Accessories,4.1,8 GB RAM  256 GB ROM17.09 cm (6.73 inch) Full HD+ Display50MP + 50MP + 50MP  32MP Front Camera4600 mAh Lithium Polymer BatterySnapdragon 8 Gen 1 Processor1 Year Manufacturer Warranty for Phone and 6 Months Warranty for In the Box Accessories,"8 GB RAM,  256 GB ROM,17.09 cm (6.73 inch) Full HD+ Display,50MP + 50MP + 50MP  32MP Front Camera,4600 mAh Lithium Polymer Battery,Snapdragon 8 Gen 1 Processor,1 Year Manufacturer Warranty for Phone and 6 Months Warranty for In the Box Accessories",8 GB RAM,256 GB ROM,17.09 cm (6.73 inch) Full HD+ Display,50MP + 50MP + 50MP  32MP Front Camera,4600 mAh Lithium Polymer Battery,Snapdragon 8 Gen 1 Processor,
"OPPO Reno10 Pro+ 5G (Glossy Purple, 256 GB)",OPPO,"44,990",12 GB RAM | 256 GB ROM17.12 cm (6.74 inch) Full HD+ Display50MP + 64MP + 8MP | 32MP Front Camera4700 mAh BatterySnapdragon 8+ Gen 1 Processor1 Year Manufacturer Warranty for Phone and 6 Months Warranty for In the Box Accessories,4.5,12 GB RAM  256 GB ROM17.12 cm (6.74 inch) Full HD+ Display50MP + 64MP + 8MP  32MP Front Camera4700 mAh BatterySnapdragon 8+ Gen 1 Processor1 Year Manufacturer Warranty for Phone and 6 Months Warranty for In the Box Accessories,"12 GB RAM,  256 GB ROM,17.12 cm (6.74 inch) Full HD+ Display,50MP + 64MP + 8MP  32MP Front Camera,4700 mAh Battery,Snapdragon 8+ Gen 1 Processor,1 Year Manufacturer Warranty for Phone and 6 Months Warranty for In the Box Accessories",12 GB RAM,256 GB ROM,17.12 cm (6.74 inch) Full HD+ Display,50MP + 64MP + 8MP  32MP Front Camera,4700 mAh Battery,Snapdragon 8+ Gen 1 Processor,
"vivo X90 (Asteroid Black, 256 GB)",vivo,"48,778",12 GB RAM | 256 GB ROM17.22 cm (6.78 inch) Full HD+ Display50MP + 12MP + 12MP | 32MP Front Camera4810 mAh BatteryDimensity 9200 Processor1 Year Handset and 6 Months Accessories,4.3,12 GB RAM  256 GB ROM17.22 cm (6.78 inch) Full HD+ Display50MP + 12MP + 12MP  32MP Front Camera4810 mAh BatteryDimensity 9200 Processor1 Year Handset and 6 Months Accessories,"12 GB RAM,  256 GB ROM,17.22 cm (6.78 inch) Full HD+ Display,50MP + 12MP + 12MP  32MP Front Camera,4810 mAh Battery,Dimensity 9200 Processor,1 Year Handset and 6 Months Accessories",12 GB RAM,256 GB ROM,17.22 cm (6.78 inch) Full HD+ Display,50MP + 12MP + 12MP  32MP Front Camera,4810 mAh Battery,Dimensity 9200 Processor,
"vivo V30 Pro 5G (Andaman Blue, 256 GB)",vivo,"34,999",8 GB RAM | 256 GB ROM17.22 cm (6.78 inch) Full HD+ Display50MP + 50MP + 50MP | 50MP Front Camera5000 mAh BatteryDimensity 8200 5G Processor1 Year Manufacturer Warranty for Device and 6 Months Manufacturer Warranty for Inbox Accessories,4.5,8 GB RAM  256 GB ROM17.22 cm (6.78 inch) Full HD+ Display50MP + 50MP + 50MP  50MP Front Camera5000 mAh BatteryDimensity 8200 5G Processor1 Year Manufacturer Warranty for Device and 6 Months Manufacturer Warranty for Inbox Accessories,"8 GB RAM,  256 GB ROM,17.22 cm (6.78 inch) Full HD+ Display,50MP + 50MP + 50MP  50MP Front Camera,5000 mAh Battery,Dimensity 8200 5G Processor,1 Year Manufacturer Warranty for Device and 6 Months Manufacturer Warranty for Inbox Accessories",8 GB RAM,256 GB ROM,17.22 cm (6.78 inch) Full HD+ Display,50MP + 50MP + 50MP  50MP Front Camera,5000 mAh Battery,Dimensity 8200 5G Processor,
"SAMSUNG S23 FE (Graphite, 128 GB)",SAMSUNG,"39,990",8 GB RAM | 128 GB ROM16.26 cm (6.4 inch) Full HD+ Super AMOLED Display50MP + 12MP + 8MP | 10MP Front Camera4500 mAh BatteryQualcomm SM8450 Snapdragon 8 Gen 1 Processor1 Year Manufacturer Warranty for Device and 6 Months Manufacturer Warranty for In-Box Accessories,4.3,8 GB RAM  128 GB ROM16.26 cm (6.4 inch) Full HD+ Super AMOLED Display50MP + 12MP + 8MP  10MP Front Camera4500 mAh BatteryQualcomm SM8450 Snapdragon 8 Gen 1 Processor1 Year Manufacturer Warranty for Device and 6 Months Manufacturer Warranty for In-Box Accessories,"8 GB RAM,  128 GB ROM,16.26 cm (6.4 inch) Full HD+ Super AMOLED Display,50MP + 12MP + 8MP  10MP Front Camera,4500 mAh Battery,Qualcomm SM8450 Snapdragon 8 Gen 1 Processor,1 Year Manufacturer Warranty for Device and 6 Months Manufacturer Warranty for In-Box Accessories",8 GB RAM,128 GB ROM,16.26 cm (6.4 inch) Full HD+ Super AMOLED Display,50MP + 12MP + 8MP  10MP Front Camera,4500 mAh Battery,Qualcomm SM8450 Snapdragon 8 Gen 1 Processor,
"vivo V40 5G (Ganges Blue, 256 GB)",vivo,"36,999",8 GB RAM | 256 GB ROM17.22 cm (6.78 inch) Full HD+ Display50MP + 50MP | 50MP Front Camera5500 mAh BatterySnapdragon 7 Gen 3 Processor1 Year Warranty on Handset and 6 Months Warranty on Accessories,4.5,8 GB RAM  256 GB ROM17.22 cm (6.78 inch) Full HD+ Display50MP + 50MP  50MP Front Camera5500 mAh BatterySnapdragon 7 Gen 3 Processor1 Year Warranty on Handset and 6 Months Warranty on Accessories,"8 GB RAM,  256 GB ROM,17.22 cm (6.78 inch) Full HD+ Display,50MP + 50MP  50MP Front Camera,5500 mAh Battery,Snapdragon 7 Gen 3 Processor,1 Year Warranty on Handset and 6 Months Warranty on Accessories",8 GB RAM,256 GB ROM,17.22 cm (6.78 inch) Full HD+ Display,50MP + 50MP  50MP Front Camera,5500 mAh Battery,Snapdragon 7 Gen 3 Processor,
"vivo V40 5G (Titanium Grey, 512 GB)",vivo,"43,999",12 GB RAM | 512 GB ROM17.22 cm (6.78 inch) Full HD+ Display50MP + 50MP | 50MP Front Camera5500 mAh BatterySnapdragon 7 Gen 3 Processor1 Year Warranty on Handset and 6 Months Warranty on Accessories,4.6,12 GB RAM  512 GB ROM17.22 cm (6.78 inch) Full HD+ Display50MP + 50MP  50MP Front Camera5500 mAh BatterySnapdragon 7 Gen 3 Processor1 Year Warranty on Handset and 6 Months Warranty on Accessories,"12 GB RAM,  512 GB ROM,17.22 cm (6.78 inch) Full HD+ Display,50MP + 50MP  50MP Front Camera,5500 mAh Battery,Snapdragon 7 Gen 3 Processor,1 Year Warranty on Handset and 6 Months Warranty on Accessories",12 GB RAM,512 GB ROM,17.22 cm (6.78 inch) Full HD+ Display,50MP + 50MP  50MP Front Camera,5500 mAh Battery,Snapdragon 7 Gen 3 Processor,
"Xiaomi 12 Pro 5G (Noir Black, 256 GB)",Xiaomi,"35,990",8 GB RAM | 256 GB ROM17.09 cm (6.73 inch) Full HD+ Display50MP + 50MP + 50MP | 32MP Front Camera4600 mAh Lithium Polymer BatterySnapdragon 8 Gen 1 Processor1 Year Manufacturer Warranty for Phone and 6 Months Warranty for In the Box Accessories,4.1,8 GB RAM  256 GB ROM17.09 cm (6.73 inch) Full HD+ Display50MP + 50MP + 50MP  32MP Front Camera4600 mAh Lithium Polymer BatterySnapdragon 8 Gen 1 Processor1 Year Manufacturer Warranty for Phone and 6 Months Warranty for In the Box Accessories,"8 GB RAM,  256 GB ROM,17.09 cm (6.73 inch) Full HD+ Display,50MP + 50MP + 50MP  32MP Front Camera,4600 mAh Lithium Polymer Battery,Snapdragon 8 Gen 1 Processor,1 Year Manufacturer Warranty for Phone and 6 Months Warranty for In the Box Accessories",8 GB RAM,256 GB ROM,17.09 cm (6.73 inch) Full HD+ Display,50MP + 50MP + 50MP  32MP Front Camera,4600 mAh Lithium Polymer Battery,Snapdragon 8 Gen 1 Processor,
"vivo V40 5G (Lotus Purple, 256 GB)",vivo,"34,999",8 GB RAM | 256 GB ROM17.22 cm (6.78 inch) Full HD+ Display50MP + 50MP | 50MP Front Camera5500 mAh BatterySnapdragon 7 Gen 3 Processor1 Year Warranty on Handset and 6 Months Warranty on Accessories,4.5,8 GB RAM  256 GB ROM17.22 cm (6.78 inch) Full HD+ Display50MP + 50MP  50MP Front Camera5500 mAh BatterySnapdragon 7 Gen 3 Processor1 Year Warranty on Handset and 6 Months Warranty on Accessories,"8 GB RAM,  256 GB ROM,17.22 cm (6.78 inch) Full HD+ Display,50MP + 50MP  50MP Front Camera,5500 mAh Battery,Snapdragon 7 Gen 3 Processor,1 Year Warranty on Handset and 6 Months Warranty on Accessories",8 GB RAM,256 GB ROM,17.22 cm (6.78 inch) Full HD+ Display,50MP + 50MP  50MP Front Camera,5500 mAh Battery,Snapdragon 7 Gen 3 Processor,
"Google Pixel 7 Pro (Hazel, 128 GB)",Google,"44,999",12 GB RAM | 128 GB ROM17.02 cm (6.7 inch) Quad HD+ Display50MP + 48MP + 12MP | 10.8MP Front Camera4926 mAh BatteryGoogle Tensor G2 Processor1 Year Domestic Warranty,4.3,12 GB RAM  128 GB ROM17.02 cm (6.7 inch) Quad HD+ Display50MP + 48MP + 12MP  10.8MP Front Camera4926 mAh BatteryGoogle Tensor G2 Processor1 Year Domestic Warranty,"12 GB RAM,  128 GB ROM,17.02 cm (6.7 inch) Quad HD+ Display,50MP + 48MP + 12MP  10.8MP Front Camera,4926 mAh Battery,Google Tensor G2 Processor,1 Year Domestic Warranty",12 GB RAM,128 GB ROM,17.02 cm (6.7 inch) Quad HD+ Display,50MP + 48MP + 12MP  10.8MP Front Camera,4926 mAh Battery,Google Tensor G2 Processor,
"MOTOROLA razr 40 (Sage Green, 256 GB)",MOTOROLA,"44,999",8 GB RAM | 256 GB ROM17.53 cm (6.9 inch) Display64MP Rear Camera4200 mAh BatteryBrand Warranty of 1 Year Available for Mobile and 6 Months for Accessories,3.9,8 GB RAM  256 GB ROM17.53 cm (6.9 inch) Display64MP Rear Camera4200 mAh BatteryBrand Warranty of 1 Year Available for Mobile and 6 Months for Accessories,"8 GB RAM,  256 GB ROM,17.53 cm (6.9 inch) Display,64MP Rear Camera,4200 mAh Battery,Brand Warranty of 1 Year Available for Mobile and 6 Months for Accessories",8 GB RAM,256 GB ROM,17.53 cm (6.9 inch) Display,64MP Rear Camera,4200 mAh Battery,Brand Warranty of 1 Year Available for Mobile and 6 Months for Accessories,
"OnePlus 9 Pro 5G (Stellar Black, 128 GB)",OnePlus,"35,555",8 GB RAM | 128 GB ROM17.02 cm (6.7 inch) Display48MP Rear Camera4500 mAh Battery1 Year Warranty,4.1,8 GB RAM  128 GB ROM17.02 cm (6.7 inch) Display48MP Rear Camera4500 mAh Battery1 Year Warranty,"8 GB RAM,  128 GB ROM,17.02 cm (6.7 inch) Display,48MP Rear Camera,4500 mAh Battery,1 Year Warranty",8 GB RAM,128 GB ROM,17.02 cm (6.7 inch) Display,48MP Rear Camera,4500 mAh Battery,1 Year Warranty,
"vivo V29 Pro 5G (Blue, 256 GB)",vivo,"38,699",12 GB RAM | 256 GB ROM17.22 cm (6.78 inch) Full HD+ AMOLED Display50MP + 12MP + 8MP | 50MP Front Camera4600 mAh BatteryDimensity 8200 Processor1 Year Manufacturer Warranty for Phone and 6 Months Warranty for In the Box Accessories,4.5,12 GB RAM  256 GB ROM17.22 cm (6.78 inch) Full HD+ AMOLED Display50MP + 12MP + 8MP  50MP Front Camera4600 mAh BatteryDimensity 8200 Processor1 Year Manufacturer Warranty for Phone and 6 Months Warranty for In the Box Accessories,"12 GB RAM,  256 GB ROM,17.22 cm (6.78 inch) Full HD+ AMOLED Display,50MP + 12MP + 8MP  50MP Front Camera,4600 mAh Battery,Dimensity 8200 Processor,1 Year Manufacturer Warranty for Phone and 6 Months Warranty for In the Box Accessories",12 GB RAM,256 GB ROM,17.22 cm (6.78 inch) Full HD+ AMOLED Display,50MP + 12MP + 8MP  50MP Front Camera,4600 mAh Battery,Dimensity 8200 Processor,
"vivo V40 5G (Ganges Blue, 512 GB)",vivo,"42,999",12 GB RAM | 512 GB ROM17.22 cm (6.78 inch) Full HD+ Display50MP + 50MP | 50MP Front Camera5500 mAh BatterySnapdragon 7 Gen 3 Processor1 Year Warranty on Handset and 6 Months Warranty on Accessories,4.6,12 GB RAM  512 GB ROM17.22 cm (6.78 inch) Full HD+ Display50MP + 50MP  50MP Front Camera5500 mAh BatterySnapdragon 7 Gen 3 Processor1 Year Warranty on Handset and 6 Months Warranty on Accessories,"12 GB RAM,  512 GB ROM,17.22 cm (6.78 inch) Full HD+ Display,50MP + 50MP  50MP Front Camera,5500 mAh Battery,Snapdragon 7 Gen 3 Processor,1 Year Warranty on Handset and 6 Months Warranty on Accessories",12 GB RAM,#VALUE!,17.22 cm (6.78 inch) Full HD+ Display,50MP + 50MP  50MP Front Camera,5500 mAh Battery,Snapdragon 7 Gen 3 Processor,
"vivo V40 5G (Lotus Purple, 512 GB)",vivo,"42,999",12 GB RAM | 512 GB ROM17.22 cm (6.78 inch) Full HD+ Display50MP + 50MP | 50MP Front Camera5500 mAh BatterySnapdragon 7 Gen 3 Processor1 Year Warranty on Handset and 6 Months Warranty on Accessories,4.6,12 GB RAM  512 GB ROM17.22 cm (6.78 inch) Full HD+ Display50MP + 50MP  50MP Front Camera5500 mAh BatterySnapdragon 7 Gen 3 Processor1 Year Warranty on Handset and 6 Months Warranty on Accessories,"12 GB RAM,  512 GB ROM,17.22 cm (6.78 inch) Full HD+ Display,50MP + 50MP  50MP Front Camera,5500 mAh Battery,Snapdragon 7 Gen 3 Processor,1 Year Warranty on Handset and 6 Months Warranty on Accessories",12 GB RAM,512 GB ROM,17.22 cm (6.78 inch) Full HD+ Display,50MP + 50MP  50MP Front Camera,5500 mAh Battery,Snapdragon 7 Gen 3 Processor,
"vivo V40 5G (Titanium Grey, 512 GB)",vivo,"43,999",12 GB RAM | 512 GB ROM17.22 cm (6.78 inch) Full HD+ Display50MP + 50MP | 50MP Front Camera5500 mAh BatterySnapdragon 7 Gen 3 Processor1 Year Warranty on Handset and 6 Months Warranty on Accessories,4.6,12 GB RAM  512 GB ROM17.22 cm (6.78 inch) Full HD+ Display50MP + 50MP  50MP Front Camera5500 mAh BatterySnapdragon 7 Gen 3 Processor1 Year Warranty on Handset and 6 Months Warranty on Accessories,"12 GB RAM,  512 GB ROM,17.22 cm (6.78 inch) Full HD+ Display,50MP + 50MP  50MP Front Camera,5500 mAh Battery,Snapdragon 7 Gen 3 Processor,1 Year Warranty on Handset and 6 Months Warranty on Accessories",12 GB RAM,512 GB ROM,17.22 cm (6.78 inch) Full HD+ Display,50MP + 50MP  50MP Front Camera,5500 mAh Battery,Snapdragon 7 Gen 3 Processor,
"OPPO Reno10 Pro+ 5G (Glossy Purple, 256 GB)",OPPO,"44,990",12 GB RAM | 256 GB ROM17.12 cm (6.74 inch) Full HD+ Display50MP + 64MP + 8MP | 32MP Front Camera4700 mAh BatterySnapdragon 8+ Gen 1 Processor1 Year Manufacturer Warranty for Phone and 6 Months Warranty for In the Box Accessories,4.5,12 GB RAM  256 GB ROM17.12 cm (6.74 inch) Full HD+ Display50MP + 64MP + 8MP  32MP Front Camera4700 mAh BatterySnapdragon 8+ Gen 1 Processor1 Year Manufacturer Warranty for Phone and 6 Months Warranty for In the Box Accessories,"12 GB RAM,  256 GB ROM,17.12 cm (6.74 inch) Full HD+ Display,50MP + 64MP + 8MP  32MP Front Camera,4700 mAh Battery,Snapdragon 8+ Gen 1 Processor,1 Year Manufacturer Warranty for Phone and 6 Months Warranty for In the Box Accessories",12 GB RAM,256 GB ROM,17.12 cm (6.74 inch) Full HD+ Display,50MP + 64MP + 8MP  32MP Front Camera,4700 mAh Battery,Snapdragon 8+ Gen 1 Processor,
"Honor 200 Pro 5G (Black, 512 GB)",Honor,"38,000",12 GB RAM | 512 GB ROM17.22 cm (6.78 inch) Full HD+ Super AMOLED Display50MP + 50MP + 12MP | 50MP Front Camera5200 mAh BatterySnapdragon 8s Gen 3 Processor1 year manufacturer's warranty for handset & 6 months for accessories,4,12 GB RAM  512 GB ROM17.22 cm (6.78 inch) Full HD+ Super AMOLED Display50MP + 50MP + 12MP  50MP Front Camera5200 mAh BatterySnapdragon 8s Gen 3 Processor1 year manufacturer's warranty for handset & 6 months for accessories,"12 GB RAM,  512 GB ROM,17.22 cm (6.78 inch) Full HD+ Super AMOLED Display,50MP + 50MP + 12MP  50MP Front Camera,5200 mAh Battery,Snapdragon 8s Gen 3 Processor,1 year manufacturer's warranty for handset & 6 months for accessories",#VALUE!,#VALUE!,#VALUE!,#VALUE!,#VALUE!,#VALUE!,
"Honor 200 Pro 5G (Ocean Cyan, 512 GB)",Honor,"41,999",12 GB RAM | 512 GB ROM17.22 cm (6.78 inch) Full HD+ Super AMOLED Display50MP + 50MP + 12MP | 50MP Front Camera5200 mAh BatterySnapdragon 8s Gen 3 Processor1 year manufacturer's warranty for handset & 6 months for accessories,4,12 GB RAM  512 GB ROM17.22 cm (6.78 inch) Full HD+ Super AMOLED Display50MP + 50MP + 12MP  50MP Front Camera5200 mAh BatterySnapdragon 8s Gen 3 Processor1 year manufacturer's warranty for handset & 6 months for accessories,"12 GB RAM,  512 GB ROM,17.22 cm (6.78 inch) Full HD+ Super AMOLED Display,50MP + 50MP + 12MP  50MP Front Camera,5200 mAh Battery,Snapdragon 8s Gen 3 Processor,1 year manufacturer's warranty for handset & 6 months for accessories",#VALUE!,#VALUE!,#VALUE!,#VALUE!,#VALUE!,#VALUE!,
"SAMSUNG Galaxy S23 5G (Lavender, 256 GB)",SAMSUNG,"49,999",8 GB RAM | 256 GB ROM15.49 cm (6.1 inch) Full HD+ Display50MP + 10MP + 12MP | 12MP Front Camera3900 mAh Lithium Ion BatteryQualcomm Snapdragon 8 Gen 2 Processor1 Year Manufacturer Warranty for Device and 6 Months Manufacturer Warranty for In-Box Accessories,4.6,8 GB RAM  256 GB ROM15.49 cm (6.1 inch) Full HD+ Display50MP + 10MP + 12MP  12MP Front Camera3900 mAh Lithium Ion BatteryQualcomm Snapdragon 8 Gen 2 Processor1 Year Manufacturer Warranty for Device and 6 Months Manufacturer Warranty for In-Box Accessories,"8 GB RAM,  256 GB ROM,15.49 cm (6.1 inch) Full HD+ Display,50MP + 10MP + 12MP  12MP Front Camera,3900 mAh Lithium Ion Battery,Qualcomm Snapdragon 8 Gen 2 Processor,1 Year Manufacturer Warranty for Device and 6 Months Manufacturer Warranty for In-Box Accessories",8 GB RAM,256 GB ROM,15.49 cm (6.1 inch) Full HD+ Display,50MP + 10MP + 12MP  12MP Front Camera,3900 mAh Lithium Ion Battery,Qualcomm Snapdragon 8 Gen 2 Processor,
"IQOO Neo 9 Pro (Conqueror Black, 256 GB)",IQOO,"41,990",8 GB RAM | 256 GB ROM17.22 cm (6.78 inch) Display50MP Rear Camera5160 mAh Battery1 Year on Handset and 6 Months on Accessories,4.5,8 GB RAM  256 GB ROM17.22 cm (6.78 inch) Display50MP Rear Camera5160 mAh Battery1 Year on Handset and 6 Months on Accessories,"8 GB RAM,  256 GB ROM,17.22 cm (6.78 inch) Display,50MP Rear Camera,5160 mAh Battery,1 Year on Handset and 6 Months on Accessories",8 GB RAM,256 GB ROM,17.22 cm (6.78 inch) Display,50MP Rear Camera,5160 mAh Battery,1 Year on Handset and 6 Months on Accessories,
"Apple iPhone 14 (Starlight, 128 GB)",Apple,"54,999","128 GB ROM15.49 cm (6.1 inch) Super Retina XDR Display12MP + 12MP | 12MP Front CameraA15 Bionic Chip, 6 Core Processor Processor1 year warranty for phone and 1 year warranty for in Box Accessories.",4.6,"128 GB ROM15.49 cm (6.1 inch) Super Retina XDR Display12MP + 12MP  12MP Front CameraA15 Bionic Chip, 6 Core Processor Processor1 year warranty for phone and 1 year warranty for in Box Accessories.","128 GB ROM,15.49 cm (6.1 inch) Super Retina XDR Display,12MP + 12MP  12MP Front Camera,A15 Bionic Chip, 6 Core Processor, Processor,1 year warranty for phone and 1 year warranty for in Box Accessories.",128 GB ROM,128 GB ROM,12MP + 12MP  12MP Front Camera,12MP + 12MP  12MP Front Camera,6 Core Processor,Processor,
"Apple iPhone 11 (Black, 128 GB)",Apple,"48,900",128 GB ROM15.49 cm (6.1 inch) Liquid Retina HD Display12MP + 12MP | 12MP Front CameraA13 Bionic Chip Processor1 year warranty for phone and 1 year warranty for in Box Accessories.,4.6,128 GB ROM15.49 cm (6.1 inch) Liquid Retina HD Display12MP + 12MP  12MP Front CameraA13 Bionic Chip Processor1 year warranty for phone and 1 year warranty for in Box Accessories.,"128 GB ROM,15.49 cm (6.1 inch) Liquid Retina HD Display,12MP + 12MP  12MP Front Camera,A13 Bionic Chip Processor,1 year warranty for phone and 1 year warranty for in Box Accessories.",128 GB ROM,128 GB ROM,12MP + 12MP  12MP Front Camera,12MP + 12MP  12MP Front Camera,A13 Bionic Chip Processor,#VALUE!,
"Apple iPhone SE (Black, 64 GB) (Includes EarPods, Power Adapter)",Apple,"39,900","64 GB ROM11.94 cm (4.7 inch) Retina HD Display12MP Rear Camera | 7MP Front CameraA13 Bionic Chip with 3rd Gen Neural Engine ProcessorWater and Dust Resistant (1 meter for Upto 30 minutes, IP67)Fast Charge CapableWireless charging (Works with Qi Chargers | Qi Chargers are Sold Separately1 year warranty for phone and 1 year warranty for in Box Accessories.",4.5,"64 GB ROM11.94 cm (4.7 inch) Retina HD Display12MP Rear Camera  7MP Front CameraA13 Bionic Chip with 3rd Gen Neural Engine ProcessorWater and Dust Resistant (1 meter for Upto 30 minutes, IP67)Fast Charge CapableWireless charging (Works with Qi Chargers  Qi Chargers are Sold Separately1 year warranty for phone and 1 year warranty for in Box Accessories.","64 GB ROM,11.94 cm (4.7 inch) Retina HD Display,12MP Rear Camera,  7MP Front Camera,A13 Bionic Chip with 3rd Gen Neural Engine Processor,Water and Dust Resistant (1 meter for Upto 30 minutes, IP67)Fast Charge CapableWireless charging (Works with Qi Chargers  Qi Chargers are Sold Separately1 year warranty for phone and 1 year warranty for in Box Accessories.",64 GB ROM,64 GB ROM,12MP Rear Camera,7MP Front Camera,A13 Bionic Chip with 3rd Gen Neural Engine Processor,Water and Dust Resistant (1 meter for Upto 30 minutes,
"Apple iPhone XR (Yellow, 64 GB) (Includes EarPods, Power Adapter)",Apple,"47,900",64 GB ROM15.49 cm (6.1 inch) Display12MP Rear Camera | 7MP Front CameraA12 Bionic Chip ProcessoriOS 13 Compatible1 year warranty for phone and 1 year warranty for in Box Accessories.,4.6,64 GB ROM15.49 cm (6.1 inch) Display12MP Rear Camera  7MP Front CameraA12 Bionic Chip ProcessoriOS 13 Compatible1 year warranty for phone and 1 year warranty for in Box Accessories.,"64 GB ROM,15.49 cm (6.1 inch) Display,12MP Rear Camera,  7MP Front Camera,A12 Bionic Chip Processor,iOS 13 Compatible1 year warranty for phone and 1 year warranty for in Box Accessories.",64 GB ROM,64 GB ROM,12MP Rear Camera,7MP Front Camera,A12 Bionic Chip Processor,iOS 13 Compatible1 year warranty for phone and 1 year warranty for in Box Accessories.,
"Apple iPhone XR (White, 64 GB) (Includes EarPods, Power Adapter)",Apple,"47,900",64 GB ROM15.49 cm (6.1 inch) Display12MP Rear Camera | 7MP Front CameraA12 Bionic Chip ProcessoriOS 13 Compatible1 year warranty for phone and 1 year warranty for in Box Accessories.,4.6,64 GB ROM15.49 cm (6.1 inch) Display12MP Rear Camera  7MP Front CameraA12 Bionic Chip ProcessoriOS 13 Compatible1 year warranty for phone and 1 year warranty for in Box Accessories.,"64 GB ROM,15.49 cm (6.1 inch) Display,12MP Rear Camera,  7MP Front Camera,A12 Bionic Chip Processor,iOS 13 Compatible1 year warranty for phone and 1 year warranty for in Box Accessories.",64 GB ROM,64 GB ROM,12MP Rear Camera,7MP Front Camera,A12 Bionic Chip Processor,iOS 13 Compatible1 year warranty for phone and 1 year warranty for in Box Accessories.,
"SAMSUNG Galaxy A73 5G (Awesome Gray, 128 GB)",SAMSUNG,"41,999",8 GB RAM | 128 GB ROM | Expandable Upto 1 TB17.02 cm (6.7 inch) Full HD+ Display108MP + 12MP + 5MP + 5MP | 32MP Front Camera5000 mAh Li-ion BatteryQualcomm Snapdragon 778G Processor1 Year Manufacturer Warranty for Device and 6 Months Manufacturer Warranty for In-Box,4.2,8 GB RAM  128 GB ROM  Expandable Upto 1 TB17.02 cm (6.7 inch) Full HD+ Display108MP + 12MP + 5MP + 5MP  32MP Front Camera5000 mAh Li-ion BatteryQualcomm Snapdragon 778G Processor1 Year Manufacturer Warranty for Device and 6 Months Manufacturer Warranty for In-Box,"8 GB RAM,  128 GB ROM,  Expandable Upto 1 TB17.02 cm (6.7 inch) Full HD+ Display,108MP + 12MP + 5MP + 5MP  32MP Front Camera,5000 mAh Li-ion Battery,Qualcomm Snapdragon 778G Processor,1 Year Manufacturer Warranty for Device and 6 Months Manufacturer Warranty for In-Box",8 GB RAM,128 GB ROM,Expandable Upto 1 TB17.02 cm (6.7 inch) Full HD+ Display,108MP + 12MP + 5MP + 5MP  32MP Front Camera,5000 mAh Li-ion Battery,Qualcomm Snapdragon 778G Processor,
"Apple iPhone XR (Black, 64 GB) (Includes EarPods, Power Adapter)",Apple,"47,900",64 GB ROM15.5 cm (6.102 inch) Display12MP Rear Camera | 7MP Front CameraA12 Bionic Chip ProcessoriOS 13 Compatible1 year warranty for phone and 1 year warranty for in Box Accessories.,4.6,64 GB ROM15.5 cm (6.102 inch) Display12MP Rear Camera  7MP Front CameraA12 Bionic Chip ProcessoriOS 13 Compatible1 year warranty for phone and 1 year warranty for in Box Accessories.,"64 GB ROM,15.5 cm (6.102 inch) Display,12MP Rear Camera,  7MP Front Camera,A12 Bionic Chip Processor,iOS 13 Compatible1 year warranty for phone and 1 year warranty for in Box Accessories.",64 GB ROM,64 GB ROM,12MP Rear Camera,7MP Front Camera,A12 Bionic Chip Processor,iOS 13 Compatible1 year warranty for phone and 1 year warranty for in Box Accessories.,
"Nothing Phone (3a) (Black, 256 GB)",Nothing,"26,999",8 GB RAM | 256 GB ROM43.66 cm (17.19 cm) Full HD+ Display50MP (Main) + 50MP (2X Tele Photo) + 8MP (Ultra-Wide) | 32MP Front Camera5000 mAh Battery7s Gen3 Processor1 Year Manufacturing Warranty,4.5,8 GB RAM  256 GB ROM43.66 cm (17.19 cm) Full HD+ Display50MP (Main) + 50MP (2X Tele Photo) + 8MP (Ultra-Wide)  32MP Front Camera5000 mAh Battery7s Gen3 Processor1 Year Manufacturing Warranty,"8 GB RAM,  256 GB ROM,43.66 cm (17.19 cm) Full HD+ Display,50MP (Main) + 50MP (2X Tele Photo) + 8MP (Ultra-Wide)  32MP Front Camera,5000 mAh Battery,7s Gen3 Processor,1 Year Manufacturing Warranty",8 GB RAM,256 GB ROM,43.66 cm (17.19 cm) Full HD+ Display,50MP (Main) + 50MP (2X Tele Photo) + 8MP (Ultra-Wide)  32MP Front Camera,5000 mAh Battery,7s Gen3 Processor,
"Nothing Phone (3a) (Blue, 256 GB)",Nothing,"26,999",8 GB RAM | 256 GB ROM43.66 cm (17.19 cm) Full HD+ Display50MP (Main) + 50MP (2X Tele Photo) + 8MP (Ultra-Wide) | 32MP Front Camera5000 mAh Battery7s Gen3 Processor1 Year Manufacturing Warranty,4.5,8 GB RAM  256 GB ROM43.66 cm (17.19 cm) Full HD+ Display50MP (Main) + 50MP (2X Tele Photo) + 8MP (Ultra-Wide)  32MP Front Camera5000 mAh Battery7s Gen3 Processor1 Year Manufacturing Warranty,"8 GB RAM,  256 GB ROM,43.66 cm (17.19 cm) Full HD+ Display,50MP (Main) + 50MP (2X Tele Photo) + 8MP (Ultra-Wide)  32MP Front Camera,5000 mAh Battery,7s Gen3 Processor,1 Year Manufacturing Warranty",8 GB RAM,256 GB ROM,43.66 cm (17.19 cm) Full HD+ Display,50MP (Main) + 50MP (2X Tele Photo) + 8MP (Ultra-Wide)  32MP Front Camera,5000 mAh Battery,7s Gen3 Processor,
"Nothing Phone (3a) (White, 256 GB)",Nothing,"26,999",8 GB RAM | 256 GB ROM43.66 cm (17.19 cm) Full HD+ Display50MP (Main) + 50MP (2X Tele Photo) + 8MP (Ultra-Wide) | 32MP Front Camera5000 mAh Battery7s Gen3 Processor1 Year Manufacturing Warranty,4.5,8 GB RAM  256 GB ROM43.66 cm (17.19 cm) Full HD+ Display50MP (Main) + 50MP (2X Tele Photo) + 8MP (Ultra-Wide)  32MP Front Camera5000 mAh Battery7s Gen3 Processor1 Year Manufacturing Warranty,"8 GB RAM,  256 GB ROM,43.66 cm (17.19 cm) Full HD+ Display,50MP (Main) + 50MP (2X Tele Photo) + 8MP (Ultra-Wide)  32MP Front Camera,5000 mAh Battery,7s Gen3 Processor,1 Year Manufacturing Warranty",8 GB RAM,256 GB ROM,43.66 cm (17.19 cm) Full HD+ Display,50MP (Main) + 50MP (2X Tele Photo) + 8MP (Ultra-Wide)  32MP Front Camera,5000 mAh Battery,7s Gen3 Processor,
"vivo V30 5G (Peacock Green, 256 GB)",vivo,"33,990",12 GB RAM | 256 GB ROM17.22 cm (6.78 inch) Full HD+ Display50MP + 50MP | 50MP Front Camera5000 mAh Battery7 Gen 3 Processor1 Year Manufacturer Warranty for Device and 6 Months Manufacturer Warranty for Inbox Accessories,4.5,12 GB RAM  256 GB ROM17.22 cm (6.78 inch) Full HD+ Display50MP + 50MP  50MP Front Camera5000 mAh Battery7 Gen 3 Processor1 Year Manufacturer Warranty for Device and 6 Months Manufacturer Warranty for Inbox Accessories,"12 GB RAM,  256 GB ROM,17.22 cm (6.78 inch) Full HD+ Display,50MP + 50MP  50MP Front Camera,5000 mAh Battery,7 Gen 3 Processor,1 Year Manufacturer Warranty for Device and 6 Months Manufacturer Warranty for Inbox Accessories",12 GB RAM,256 GB ROM,17.22 cm (6.78 inch) Full HD+ Display,50MP + 50MP  50MP Front Camera,5000 mAh Battery,7 Gen 3 Processor,
"Apple iPhone SE (Black, 64 GB) (Includes EarPods, Power Adapter)",Apple,"39,900","64 GB ROM11.94 cm (4.7 inch) Retina HD Display12MP Rear Camera | 7MP Front CameraA13 Bionic Chip with 3rd Gen Neural Engine ProcessorWater and Dust Resistant (1 meter for Upto 30 minutes, IP67)Fast Charge CapableWireless charging (Works with Qi Chargers | Qi Chargers are Sold Separately1 year warranty for phone and 1 year warranty for in Box Accessories.",4.5,"64 GB ROM11.94 cm (4.7 inch) Retina HD Display12MP Rear Camera  7MP Front CameraA13 Bionic Chip with 3rd Gen Neural Engine ProcessorWater and Dust Resistant (1 meter for Upto 30 minutes, IP67)Fast Charge CapableWireless charging (Works with Qi Chargers  Qi Chargers are Sold Separately1 year warranty for phone and 1 year warranty for in Box Accessories.","64 GB ROM,11.94 cm (4.7 inch) Retina HD Display,12MP Rear Camera,  7MP Front Camera,A13 Bionic Chip with 3rd Gen Neural Engine Processor,Water and Dust Resistant (1 meter for Upto 30 minutes, IP67)Fast Charge CapableWireless charging (Works with Qi Chargers  Qi Chargers are Sold Separately1 year warranty for phone and 1 year warranty for in Box Accessories.",64 GB ROM,64 GB ROM,12MP Rear Camera,7MP Front Camera,A13 Bionic Chip with 3rd Gen Neural Engine Processor,Water and Dust Resistant (1 meter for Upto 30 minutes,
"realme X50 Pro (Moss Green, 256 GB)",realme,"47,999",12 GB RAM | 256 GB ROM16.36 cm (6.44 inch) Full HD+ Display64MP + 12MP + 8MP + 2MP | 32MP + 8MP Dual Front Camera4200 mAh Battery5G PhoneQualcomm Snapdragon 865 Processor65W Superdart ChargeBrand Warranty of 1 Year Available for Mobile and 6 Months for Accessories,4.4,12 GB RAM  256 GB ROM16.36 cm (6.44 inch) Full HD+ Display64MP + 12MP + 8MP + 2MP  32MP + 8MP Dual Front Camera4200 mAh Battery5G PhoneQualcomm Snapdragon 865 Processor65W Superdart ChargeBrand Warranty of 1 Year Available for Mobile and 6 Months for Accessories,"12 GB RAM,  256 GB ROM,16.36 cm (6.44 inch) Full HD+ Display,64MP + 12MP + 8MP + 2MP  32MP + 8MP Dual Front Camera,4200 mAh Battery,5G PhoneQualcomm Snapdragon 865 Processor,65W Superdart ChargeBrand Warranty of 1 Year Available for Mobile and 6 Months for Accessories",12 GB RAM,256 GB ROM,16.36 cm (6.44 inch) Full HD+ Display,64MP + 12MP + 8MP + 2MP  32MP + 8MP Dual Front Camera,4200 mAh Battery,5G PhoneQualcomm Snapdragon 865 Processor,
"Google Pixel 6a (Charcoal, 128 GB)",Google,"43,999",6 GB RAM | 128 GB ROM15.6 cm (6.14 inch) Full HD+ Display12.2MP + 12MP | 8MP Front Camera4410 mAh BatteryGoogle Tensor Processor1 Year Brand Warranty,4.3,6 GB RAM  128 GB ROM15.6 cm (6.14 inch) Full HD+ Display12.2MP + 12MP  8MP Front Camera4410 mAh BatteryGoogle Tensor Processor1 Year Brand Warranty,"6 GB RAM,  128 GB ROM,15.6 cm (6.14 inch) Full HD+ Display,12.2MP + 12MP  8MP Front Camera,4410 mAh Battery,Google Tensor Processor,1 Year Brand Warranty",6 GB RAM,128 GB ROM,15.6 cm (6.14 inch) Full HD+ Display,12.2MP + 12MP  8MP Front Camera,4410 mAh Battery,Google Tensor Processor,
"SAMSUNG Galaxy A73 5G (Awesome Gray, 128 GB)",SAMSUNG,"41,999",8 GB RAM | 128 GB ROM | Expandable Upto 1 TB17.02 cm (6.7 inch) Full HD+ Display108MP + 12MP + 5MP + 5MP | 32MP Front Camera5000 mAh Li-ion BatteryQualcomm Snapdragon 778G Processor1 Year Manufacturer Warranty for Device and 6 Months Manufacturer Warranty for In-Box,4.2,8 GB RAM  128 GB ROM  Expandable Upto 1 TB17.02 cm (6.7 inch) Full HD+ Display108MP + 12MP + 5MP + 5MP  32MP Front Camera5000 mAh Li-ion BatteryQualcomm Snapdragon 778G Processor1 Year Manufacturer Warranty for Device and 6 Months Manufacturer Warranty for In-Box,"8 GB RAM,  128 GB ROM,  Expandable Upto 1 TB17.02 cm (6.7 inch) Full HD+ Display,108MP + 12MP + 5MP + 5MP  32MP Front Camera,5000 mAh Li-ion Battery,Qualcomm Snapdragon 778G Processor,1 Year Manufacturer Warranty for Device and 6 Months Manufacturer Warranty for In-Box",8 GB RAM,128 GB ROM,Expandable Upto 1 TB17.02 cm (6.7 inch) Full HD+ Display,108MP + 12MP + 5MP + 5MP  32MP Front Camera,5000 mAh Li-ion Battery,Qualcomm Snapdragon 778G Processor,
"Google Pixel 7 Pro (Hazel, 128 GB)",Google,"44,999",12 GB RAM | 128 GB ROM17.02 cm (6.7 inch) Quad HD+ Display50MP + 48MP + 12MP | 10.8MP Front Camera4926 mAh BatteryGoogle Tensor G2 Processor1 Year Domestic Warranty,4.3,12 GB RAM  128 GB ROM17.02 cm (6.7 inch) Quad HD+ Display50MP + 48MP + 12MP  10.8MP Front Camera4926 mAh BatteryGoogle Tensor G2 Processor1 Year Domestic Warranty,"12 GB RAM,  128 GB ROM,17.02 cm (6.7 inch) Quad HD+ Display,50MP + 48MP + 12MP  10.8MP Front Camera,4926 mAh Battery,Google Tensor G2 Processor,1 Year Domestic Warranty",12 GB RAM,128 GB ROM,17.02 cm (6.7 inch) Quad HD+ Display,50MP + 48MP + 12MP  10.8MP Front Camera,4926 mAh Battery,Google Tensor G2 Processor,
"Apple iPhone XR (White, 64 GB) (Includes EarPods, Power Adapter)",Apple,"47,900",64 GB ROM15.49 cm (6.1 inch) Display12MP Rear Camera | 7MP Front CameraA12 Bionic Chip ProcessoriOS 13 Compatible1 year warranty for phone and 1 year warranty for in Box Accessories.,4.6,64 GB ROM15.49 cm (6.1 inch) Display12MP Rear Camera  7MP Front CameraA12 Bionic Chip ProcessoriOS 13 Compatible1 year warranty for phone and 1 year warranty for in Box Accessories.,"64 GB ROM,15.49 cm (6.1 inch) Display,12MP Rear Camera,  7MP Front Camera,A12 Bionic Chip Processor,iOS 13 Compatible1 year warranty for phone and 1 year warranty for in Box Accessories.",64 GB ROM,64 GB ROM,12MP Rear Camera,7MP Front Camera,A12 Bionic Chip Processor,A12 Bionic Chip Processor,
"Apple iPhone XR (Yellow, 64 GB) (Includes EarPods, Power Adapter)",Apple,"47,900",64 GB ROM15.49 cm (6.1 inch) Display12MP Rear Camera | 7MP Front CameraA12 Bionic Chip ProcessoriOS 13 Compatible1 year warranty for phone and 1 year warranty for in Box Accessories.,4.6,64 GB ROM15.49 cm (6.1 inch) Display12MP Rear Camera  7MP Front CameraA12 Bionic Chip ProcessoriOS 13 Compatible1 year warranty for phone and 1 year warranty for in Box Accessories.,"64 GB ROM,15.49 cm (6.1 inch) Display,12MP Rear Camera,  7MP Front Camera,A12 Bionic Chip Processor,iOS 13 Compatible1 year warranty for phone and 1 year warranty for in Box Accessories.",64 GB ROM,64 GB ROM,12MP Rear Camera,7MP Front Camera,A12 Bionic Chip Processor,A12 Bionic Chip Processor,
"realme 13 Pro+ 5G (Emerald Green, 256 GB)",realme,"25,999",8 GB RAM | 256 GB ROM17.02 cm (6.7 inch) Full HD+ Display50MP + 8MP + 50MP | 32MP Front Camera5200 mAh BatterySnapdragon 7s Gen2 Processor1 Year Manufacturer Warranty for Device and 6 Months Manufacturer Warranty for Inbox Accessories,4.4,8 GB RAM  256 GB ROM17.02 cm (6.7 inch) Full HD+ Display50MP + 8MP + 50MP  32MP Front Camera5200 mAh BatterySnapdragon 7s Gen2 Processor1 Year Manufacturer Warranty for Device and 6 Months Manufacturer Warranty for Inbox Accessories,"8 GB RAM,  256 GB ROM,17.02 cm (6.7 inch) Full HD+ Display,50MP + 8MP + 50MP  32MP Front Camera,5200 mAh Battery,Snapdragon 7s Gen2 Processor,1 Year Manufacturer Warranty for Device and 6 Months Manufacturer Warranty for Inbox Accessories",8 GB RAM,256 GB ROM,17.02 cm (6.7 inch) Full HD+ Display,50MP + 8MP + 50MP  32MP Front Camera,5200 mAh Battery,Snapdragon 7s Gen2 Processor,
"SAMSUNG Galaxy A36 5G (Awesome Lavender, 256 GB)",SAMSUNG,"36,999",12 GB RAM | 256 GB ROM17.02 cm (6.7 inch) Full HD+ Display50MP + 8MP | 12MP Front Camera5000 mAh BatteryQualcomm Snapdragon 6 Gen 3 Processor1 Year Manufacturer Warranty for Device and 6 Months for In-Box Accessories,4.2,12 GB RAM  256 GB ROM17.02 cm (6.7 inch) Full HD+ Display50MP + 8MP  12MP Front Camera5000 mAh BatteryQualcomm Snapdragon 6 Gen 3 Processor1 Year Manufacturer Warranty for Device and 6 Months for In-Box Accessories,"12 GB RAM,  256 GB ROM,17.02 cm (6.7 inch) Full HD+ Display,50MP + 8MP  12MP Front Camera,5000 mAh Battery,Qualcomm Snapdragon 6 Gen 3 Processor,1 Year Manufacturer Warranty for Device and 6 Months for In-Box Accessories",12 GB RAM,256 GB ROM,17.02 cm (6.7 inch) Full HD+ Display,50MP + 8MP  12MP Front Camera,5000 mAh Battery,Qualcomm Snapdragon 6 Gen 3 Processor,
"OPPO Reno 12 5G (Matte Brown, 256 GB)",OPPO,"20,999",8 GB RAM | 256 GB ROM | Expandable Upto 1 TB17.02 cm (6.7 inch) Full HD+ Display50MP + 8MP + 2MP | 32MP Front Camera5000 mAh BatteryDimensity 7300 Energy Processor1 Year Manufacturer Warranty for Device and 6 Months Manufacturer Warranty for Inbox Accessories,4.4,8 GB RAM  256 GB ROM  Expandable Upto 1 TB17.02 cm (6.7 inch) Full HD+ Display50MP + 8MP + 2MP  32MP Front Camera5000 mAh BatteryDimensity 7300 Energy Processor1 Year Manufacturer Warranty for Device and 6 Months Manufacturer Warranty for Inbox Accessories,"8 GB RAM,  256 GB ROM,  Expandable Upto 1 TB17.02 cm (6.7 inch) Full HD+ Display,50MP + 8MP + 2MP  32MP Front Camera,5000 mAh Battery,Dimensity 7300 Energy Processor,1 Year Manufacturer Warranty for Device and 6 Months Manufacturer Warranty for Inbox Accessories",8 GB RAM,256 GB ROM,Expandable Upto 1 TB17.02 cm (6.7 inch) Full HD+ Display,50MP + 8MP + 2MP  32MP Front Camera,5000 mAh Battery,Dimensity 7300 Energy Processor,
"Nothing Phone (3a) (Black, 256 GB)",Nothing,"26,999",8 GB RAM | 256 GB ROM43.66 cm (17.19 cm) Full HD+ Display50MP (Main) + 50MP (2X Tele Photo) + 8MP (Ultra-Wide) | 32MP Front Camera5000 mAh Battery7s Gen3 Processor1 Year Manufacturing Warranty,4.5,8 GB RAM  256 GB ROM43.66 cm (17.19 cm) Full HD+ Display50MP (Main) + 50MP (2X Tele Photo) + 8MP (Ultra-Wide)  32MP Front Camera5000 mAh Battery7s Gen3 Processor1 Year Manufacturing Warranty,"8 GB RAM,  256 GB ROM,43.66 cm (17.19 cm) Full HD+ Display,50MP (Main) + 50MP (2X Tele Photo) + 8MP (Ultra-Wide)  32MP Front Camera,5000 mAh Battery,7s Gen3 Processor,1 Year Manufacturing Warranty",8 GB RAM,256 GB ROM,43.66 cm (17.19 cm) Full HD+ Display,50MP (Main) + 50MP (2X Tele Photo) + 8MP (Ultra-Wide)  32MP Front Camera,5000 mAh Battery,7s Gen3 Processor,
"vivo V50 5G (Starry Night, 256 GB)",vivo,"36,999",8 GB RAM | 256 GB ROM17.2 cm (6.77 inch) Display50MP + 50MP | 50MP Front Camera6000 mAh Battery7 Gen 3 Processor1 Year Manufacturer Warranty for Device and 6 Months Warranty for Inbox Accessories,4.5,8 GB RAM  256 GB ROM17.2 cm (6.77 inch) Display50MP + 50MP  50MP Front Camera6000 mAh Battery7 Gen 3 Processor1 Year Manufacturer Warranty for Device and 6 Months Warranty for Inbox Accessories,"8 GB RAM,  256 GB ROM,17.2 cm (6.77 inch) Display,50MP + 50MP  50MP Front Camera,6000 mAh Battery,7 Gen 3 Processor,1 Year Manufacturer Warranty for Device and 6 Months Warranty for Inbox Accessories",8 GB RAM,256 GB ROM,17.2 cm (6.77 inch) Display,50MP + 50MP  50MP Front Camera,6000 mAh Battery,7 Gen 3 Processor,
"realme GT 6 (Fluid Silver, 256 GB)",realme,"30,999",8 GB RAM | 256 GB ROM17.22 cm (6.78 inch) Full HD+ Display50MP + 8MP + 50MP | 32MP Front Camera5500 mAh Battery8s Gen 3 Mobile Platform Processor1 Year Manufacturer Warranty for Device and 6 Months Manufacturer Warranty for Inbox Accessories,4.5,8 GB RAM  256 GB ROM17.22 cm (6.78 inch) Full HD+ Display50MP + 8MP + 50MP  32MP Front Camera5500 mAh Battery8s Gen 3 Mobile Platform Processor1 Year Manufacturer Warranty for Device and 6 Months Manufacturer Warranty for Inbox Accessories,"8 GB RAM,  256 GB ROM,17.22 cm (6.78 inch) Full HD+ Display,50MP + 8MP + 50MP  32MP Front Camera,5500 mAh Battery,8s Gen 3 Mobile Platform Processor,1 Year Manufacturer Warranty for Device and 6 Months Manufacturer Warranty for Inbox Accessories",8 GB RAM,256 GB ROM,17.22 cm (6.78 inch) Full HD+ Display,50MP + 8MP + 50MP  32MP Front Camera,5500 mAh Battery,8s Gen 3 Mobile Platform Processor,
"vivo V40 Pro 5G (Ganges Blue, 512 GB)",vivo,"55,999",12 GB RAM | 512 GB ROM17.22 cm (6.78 inch) Full HD+ Display50MP + 50MP + 50MP | 50MP Front Camera5500 mAh BatteryDimensity 9200+ Processor1 Year Warranty on Handset and 6 Months Warranty on Accessories,4.5,12 GB RAM  512 GB ROM17.22 cm (6.78 inch) Full HD+ Display50MP + 50MP + 50MP  50MP Front Camera5500 mAh BatteryDimensity 9200+ Processor1 Year Warranty on Handset and 6 Months Warranty on Accessories,"12 GB RAM,  512 GB ROM,17.22 cm (6.78 inch) Full HD+ Display,50MP + 50MP + 50MP  50MP Front Camera,5500 mAh Battery,Dimensity 9200+ Processor,1 Year Warranty on Handset and 6 Months Warranty on Accessories",12 GB RAM,512 GB ROM,17.22 cm (6.78 inch) Full HD+ Display,50MP + 50MP + 50MP  50MP Front Camera,5500 mAh Battery,Dimensity 9200+ Processor,
"SAMSUNG Galaxy S23 5G (Cream, 256 GB)",SAMSUNG,"49,999",8 GB RAM | 256 GB ROM15.49 cm (6.1 inch) Full HD+ Display50MP + 10MP + 12MP | 12MP Front Camera3900 mAh Lithium Ion BatteryQualcomm Snapdragon 8 Gen 2 Processor1 Year Manufacturer Warranty for Device and 6 Months Manufacturer Warranty for In-Box Accessories,4.6,8 GB RAM  256 GB ROM15.49 cm (6.1 inch) Full HD+ Display50MP + 10MP + 12MP  12MP Front Camera3900 mAh Lithium Ion BatteryQualcomm Snapdragon 8 Gen 2 Processor1 Year Manufacturer Warranty for Device and 6 Months Manufacturer Warranty for In-Box Accessories,"8 GB RAM,  256 GB ROM,15.49 cm (6.1 inch) Full HD+ Display,50MP + 10MP + 12MP  12MP Front Camera,3900 mAh Lithium Ion Battery,Qualcomm Snapdragon 8 Gen 2 Processor,1 Year Manufacturer Warranty for Device and 6 Months Manufacturer Warranty for In-Box Accessories",8 GB RAM,256 GB ROM,15.49 cm (6.1 inch) Full HD+ Display,50MP + 10MP + 12MP  12MP Front Camera,3900 mAh Lithium Ion Battery,Qualcomm Snapdragon 8 Gen 2 Processor,
"Tecno Phantom X2 (Moonlight Silver, 256 GB)",Tecno,"38,968",8 GB RAM | 256 GB ROM17.27 cm (6.8 inch) Display64MP Rear Camera5160 mAh Battery12 months on smart phone & 6 months on accessories in the box domestic warranty,4,8 GB RAM  256 GB ROM17.27 cm (6.8 inch) Display64MP Rear Camera5160 mAh Battery12 months on smart phone & 6 months on accessories in the box domestic warranty,"8 GB RAM,  256 GB ROM,17.27 cm (6.8 inch) Display,64MP Rear Camera,5160 mAh Battery,12 months on smart phone & 6 months on accessories in the box domestic warranty",#VALUE!,#VALUE!,#VALUE!,#VALUE!,#VALUE!,#VALUE!,
"IQOO NEO9 PRO (Fiery Red, 256 GB)",IQOO,"37,249",12 GB RAM | 256 GB ROM17.22 cm (6.78 inch) Display50MP Rear Camera5160 mAh Battery1 Year,4.5,12 GB RAM  256 GB ROM17.22 cm (6.78 inch) Display50MP Rear Camera5160 mAh Battery1 Year,"12 GB RAM,  256 GB ROM,17.22 cm (6.78 inch) Display,50MP Rear Camera,5160 mAh Battery,1 Year",12 GB RAM,256 GB ROM,17.22 cm (6.78 inch) Display,50MP Rear Camera,5160 mAh Battery,50MP Rear Camera,
"OnePlus 10 Pro 5G (Emeald Forest, 256 GB)",OnePlus,"39,710",12 GB RAM | 256 GB ROM17.02 cm (6.7 inch) Display48MP Rear Camera | 32MP Front Camera5000 mAh Battery12 months,3.9,12 GB RAM  256 GB ROM17.02 cm (6.7 inch) Display48MP Rear Camera  32MP Front Camera5000 mAh Battery12 months,"12 GB RAM,  256 GB ROM,17.02 cm (6.7 inch) Display,48MP Rear Camera,  32MP Front Camera,5000 mAh Battery,12 months",12 GB RAM,256 GB ROM,17.02 cm (6.7 inch) Display,48MP Rear Camera,5000 mAh Battery,5000 mAh Battery,
"IQOO Neo9 Pro (Fiery Red, 256 GB)",IQOO,"37,877",8 GB RAM | 256 GB ROM17.22 cm (6.78 inch) Display50MP Rear Camera5160 mAh Battery1 Year,4.5,8 GB RAM  256 GB ROM17.22 cm (6.78 inch) Display50MP Rear Camera5160 mAh Battery1 Year,"8 GB RAM,  256 GB ROM,17.22 cm (6.78 inch) Display,50MP Rear Camera,5160 mAh Battery,1 Year",8 GB RAM,256 GB ROM,17.22 cm (6.78 inch) Display,50MP Rear Camera,5160 mAh Battery,1 Year,
"vivo V30 5G (Andaman Blue, 256 GB)",vivo,"31,449",8 GB RAM | 256 GB ROM17.22 cm (6.78 inch) Full HD+ Display50MP + 50MP | 50MP Front Camera5000 mAh Battery7 Gen 3 Processor1 Year Manufacturer Warranty for Device and 6 Months Manufacturer Warranty for Inbox Accessories,4.5,8 GB RAM  256 GB ROM17.22 cm (6.78 inch) Full HD+ Display50MP + 50MP  50MP Front Camera5000 mAh Battery7 Gen 3 Processor1 Year Manufacturer Warranty for Device and 6 Months Manufacturer Warranty for Inbox Accessories,"8 GB RAM,  256 GB ROM,17.22 cm (6.78 inch) Full HD+ Display,50MP + 50MP  50MP Front Camera,5000 mAh Battery,7 Gen 3 Processor,1 Year Manufacturer Warranty for Device and 6 Months Manufacturer Warranty for Inbox Accessories",8 GB RAM,256 GB ROM,17.22 cm (6.78 inch) Full HD+ Display,50MP + 50MP  50MP Front Camera,5000 mAh Battery,7 Gen 3 Processor,
"OnePlus Nord 3 5G (Misty Green, 256 GB)",OnePlus,"37,630",16 GB RAM | 256 GB ROM17.12 cm (6.74 inch) Display50MP Rear Camera5000 mAh BatteryDomestic 1 Year of Device & 6 Months for In-Box Accessories,4.4,16 GB RAM  256 GB ROM17.12 cm (6.74 inch) Display50MP Rear Camera5000 mAh BatteryDomestic 1 Year of Device & 6 Months for In-Box Accessories,"16 GB RAM,  256 GB ROM,17.12 cm (6.74 inch) Display,50MP Rear Camera,5000 mAh Battery,Domestic 1 Year of Device & 6 Months for In-Box Accessories",#VALUE!,#VALUE!,#VALUE!,#VALUE!,#VALUE!,#VALUE!,
"SAMSUNG Galaxy S22 5G (Phantom White, 128 GB)",SAMSUNG,"37,299",8 GB RAM | 128 GB ROM15.49 cm (6.1 inch) Full HD+ Display50MP + 12MP + 10MP | 10MP Front Camera3700 mAh Lithium-ion BatterySnapdragon 8 Gen 1 Processor1 Year Manufacturer Warranty for Device and 6 Months Manufacturer Warranty for In-Box Accessories,4.4,8 GB RAM  128 GB ROM15.49 cm (6.1 inch) Full HD+ Display50MP + 12MP + 10MP  10MP Front Camera3700 mAh Lithium-ion BatterySnapdragon 8 Gen 1 Processor1 Year Manufacturer Warranty for Device and 6 Months Manufacturer Warranty for In-Box Accessories,"8 GB RAM,  128 GB ROM,15.49 cm (6.1 inch) Full HD+ Display,50MP + 12MP + 10MP  10MP Front Camera,3700 mAh Lithium-ion Battery,Snapdragon 8 Gen 1 Processor,1 Year Manufacturer Warranty for Device and 6 Months Manufacturer Warranty for In-Box Accessories",8 GB RAM,128 GB ROM,15.49 cm (6.1 inch) Full HD+ Display,50MP + 12MP + 10MP  10MP Front Camera,3700 mAh Lithium-ion Battery,Snapdragon 8 Gen 1 Processor,
"SAMSUNG Galaxy S23 FE (Purple, 256 GB)",SAMSUNG,"37,999",8 GB RAM | 256 GB ROM16.26 cm (6.4 inch) Full HD+ Display50MP + 12MP | 10MP Front Camera4500 mAh BatteryExynos 2200 Processor1 Year Manufacturer Warranty for Device and 6 Months for In-Box Accessories,4.4,8 GB RAM  256 GB ROM16.26 cm (6.4 inch) Full HD+ Display50MP + 12MP  10MP Front Camera4500 mAh BatteryExynos 2200 Processor1 Year Manufacturer Warranty for Device and 6 Months for In-Box Accessories,"8 GB RAM,  256 GB ROM,16.26 cm (6.4 inch) Full HD+ Display,50MP + 12MP  10MP Front Camera,4500 mAh Battery,Exynos 2200 Processor,1 Year Manufacturer Warranty for Device and 6 Months for In-Box Accessories",8 GB RAM,256 GB ROM,16.26 cm (6.4 inch) Full HD+ Display,50MP + 12MP  10MP Front Camera,4500 mAh Battery,Exynos 2200 Processor,
"realme GT 6T 5G (Razor Green, 512 GB)",realme,"44,990",12 GB RAM | 512 GB ROM17.22 cm (6.78 inch) Display50MP Rear Camera5500 mAh Battery1 Year,4.5,12 GB RAM  512 GB ROM17.22 cm (6.78 inch) Display50MP Rear Camera5500 mAh Battery1 Year,"12 GB RAM,  512 GB ROM,17.22 cm (6.78 inch) Display,50MP Rear Camera,5500 mAh Battery,1 Year",12 GB RAM,512 GB ROM,17.22 cm (6.78 inch) Display,50MP Rear Camera,5500 mAh Battery,1 Year,
"Xiaomi 14 CIVI (Hot Pink, 512 GB)",Xiaomi,"44,999",12 GB RAM | 512 GB ROM16.64 cm (6.55 inch) Display50MP Rear Camera | 32MP + 32MP Dual Front Camera4700 mAh Battery8s Gen 3 Mobile Platform Processor1 Year Manufacturer Warranty for Phone and 6 Months Warranty for In the Box Accessories,4.3,12 GB RAM  512 GB ROM16.64 cm (6.55 inch) Display50MP Rear Camera  32MP + 32MP Dual Front Camera4700 mAh Battery8s Gen 3 Mobile Platform Processor1 Year Manufacturer Warranty for Phone and 6 Months Warranty for In the Box Accessories,"12 GB RAM,  512 GB ROM,16.64 cm (6.55 inch) Display,50MP Rear Camera,  32MP + 32MP Dual Front Camera,4700 mAh Battery,8s Gen 3 Mobile Platform Processor,1 Year Manufacturer Warranty for Phone and 6 Months Warranty for In the Box Accessories",12 GB RAM,512 GB ROM,16.64 cm (6.55 inch) Display,50MP Rear Camera,32MP + 32MP Dual Front Camera,4700 mAh Battery,
"Google Pixel 6a (Chalk, 128 GB)",Google,"43,999",6 GB RAM | 128 GB ROM15.6 cm (6.14 inch) Full HD+ Display12.2MP + 12MP | 8MP Front Camera4410 mAh BatteryGoogle Tensor Processor1 Year Brand Warranty,4.3,6 GB RAM  128 GB ROM15.6 cm (6.14 inch) Full HD+ Display12.2MP + 12MP  8MP Front Camera4410 mAh BatteryGoogle Tensor Processor1 Year Brand Warranty,"6 GB RAM,  128 GB ROM,15.6 cm (6.14 inch) Full HD+ Display,12.2MP + 12MP  8MP Front Camera,4410 mAh Battery,Google Tensor Processor,1 Year Brand Warranty",6 GB RAM,128 GB ROM,15.6 cm (6.14 inch) Full HD+ Display,12.2MP + 12MP  8MP Front Camera,4410 mAh Battery,Google Tensor Processor,
"Mi 10T (Cosmic Black, 128 GB)",Mi,"37,999",8 GB RAM | 128 GB ROM16.94 cm (6.67 inch) Full HD+ Display64MP + 13MP + 5MP | 20MP Front Camera5000 mAh Li-ion Polymer BatteryQualcomm Snapdragon 865 Processor144Hz Intelligent AdaptiveSync Display33W Dual Split Flash Charge1 Year Manufacturer Warranty for Device and 6 Months Manufacturer Warranty for In-box Accessories,4.1,8 GB RAM  128 GB ROM16.94 cm (6.67 inch) Full HD+ Display64MP + 13MP + 5MP  20MP Front Camera5000 mAh Li-ion Polymer BatteryQualcomm Snapdragon 865 Processor144Hz Intelligent AdaptiveSync Display33W Dual Split Flash Charge1 Year Manufacturer Warranty for Device and 6 Months Manufacturer Warranty for In-box Accessories,"8 GB RAM,  128 GB ROM,16.94 cm (6.67 inch) Full HD+ Display,64MP + 13MP + 5MP  20MP Front Camera,5000 mAh Li-ion Polymer Battery,Qualcomm Snapdragon 865 Processor,144Hz Intelligent AdaptiveSync Display,33W Dual Split Flash Charge1 Year Manufacturer Warranty for Device and 6 Months Manufacturer Warranty for In-box Accessories",8 GB RAM,128 GB ROM,16.94 cm (6.67 inch) Full HD+ Display,64MP + 13MP + 5MP  20MP Front Camera,5000 mAh Li-ion Polymer Battery,Qualcomm Snapdragon 865 Processor,
"REDMI Note-14 Pro+ 5G (Spectre Blue, 512 GB)",REDMI,"35,499",12 GB RAM | 512 GB ROM16.94 cm (6.67 inch) Display50MP + 50MP + 8MP | 20MP Front Camera6200 mAh Battery7s Gen 3 Processor1 Year Manufacturer Warranty for Phone and 6 Months Warranty for In the Box Accessories,4.6,12 GB RAM  512 GB ROM16.94 cm (6.67 inch) Display50MP + 50MP + 8MP  20MP Front Camera6200 mAh Battery7s Gen 3 Processor1 Year Manufacturer Warranty for Phone and 6 Months Warranty for In the Box Accessories,"12 GB RAM,  512 GB ROM,16.94 cm (6.67 inch) Display,50MP + 50MP + 8MP  20MP Front Camera,6200 mAh Battery,7s Gen 3 Processor,1 Year Manufacturer Warranty for Phone and 6 Months Warranty for In the Box Accessories",12 GB RAM,512 GB ROM,16.94 cm (6.67 inch) Display,50MP + 50MP + 8MP  20MP Front Camera,6200 mAh Battery,7s Gen 3 Processor,
"OPPO Reno10 Pro 5G (Glossy Purple, 256 GB)",OPPO,"31,500",12 GB RAM | 256 GB ROM17.02 cm (6.7 inch) Full HD+ Display50MP + 32MP + 8MP | 32MP Front Camera4600 mAh BatterySnapdragon 778G 5G Processor1 Year Manufacturer Warranty for Phone and 6 Months Warranty for In the Box Accessories,4.3,12 GB RAM  256 GB ROM17.02 cm (6.7 inch) Full HD+ Display50MP + 32MP + 8MP  32MP Front Camera4600 mAh BatterySnapdragon 778G 5G Processor1 Year Manufacturer Warranty for Phone and 6 Months Warranty for In the Box Accessories,"12 GB RAM,  256 GB ROM,17.02 cm (6.7 inch) Full HD+ Display,50MP + 32MP + 8MP  32MP Front Camera,4600 mAh Battery,Snapdragon 778G 5G Processor,1 Year Manufacturer Warranty for Phone and 6 Months Warranty for In the Box Accessories",12 GB RAM,256 GB ROM,17.02 cm (6.7 inch) Full HD+ Display,50MP + 32MP + 8MP  32MP Front Camera,4600 mAh Battery,Snapdragon 778G 5G Processor,
"SAMSUNG Galaxy S24 5G (Cobalt Violet, 128 GB)",SAMSUNG,"45,999",8 GB RAM | 128 GB ROM15.75 cm (6.2 inch) Full HD+ Display50MP + 10MP + 12MP | 12MP Front Camera4000 mAh BatteryExynos 2400 Processor1 Year Manufacturer Warranty for Device and 6 Months for In-Box Accessories,4.6,8 GB RAM  128 GB ROM15.75 cm (6.2 inch) Full HD+ Display50MP + 10MP + 12MP  12MP Front Camera4000 mAh BatteryExynos 2400 Processor1 Year Manufacturer Warranty for Device and 6 Months for In-Box Accessories,"8 GB RAM,  128 GB ROM,15.75 cm (6.2 inch) Full HD+ Display,50MP + 10MP + 12MP  12MP Front Camera,4000 mAh Battery,Exynos 2400 Processor,1 Year Manufacturer Warranty for Device and 6 Months for In-Box Accessories",8 GB RAM,128 GB ROM,15.75 cm (6.2 inch) Full HD+ Display,50MP + 10MP + 12MP  12MP Front Camera,4000 mAh Battery,Exynos 2400 Processor,
"Samsung Galaxy S21 FE 5G with Snapdragon 888 (Navy, 128 GB)",Samsung,"45,999",8 GB RAM | 128 GB ROM16.26 cm (6.4 inch) Full HD+ Display12MP + 12MP + 8MP (OIS) | 32MP Front Camera4500 mAh Lithium-ion BatterySnapdragon 888 Processor1 Year Manufacturer Warranty for Device and 6 Months Manufacturer Warranty for In-Box Accessories,4.3,8 GB RAM  128 GB ROM16.26 cm (6.4 inch) Full HD+ Display12MP + 12MP + 8MP (OIS)  32MP Front Camera4500 mAh Lithium-ion BatterySnapdragon 888 Processor1 Year Manufacturer Warranty for Device and 6 Months Manufacturer Warranty for In-Box Accessories,"8 GB RAM,  128 GB ROM,16.26 cm (6.4 inch) Full HD+ Display,12MP + 12MP + 8MP (OIS)  32MP Front Camera,4500 mAh Lithium-ion Battery,Snapdragon 888 Processor,1 Year Manufacturer Warranty for Device and 6 Months Manufacturer Warranty for In-Box Accessories",8 GB RAM,128 GB ROM,16.26 cm (6.4 inch) Full HD+ Display,12MP + 12MP + 8MP (OIS)  32MP Front Camera,4500 mAh Lithium-ion Battery,Snapdragon 888 Processor,
"Apple iPhone 11 (White, 64 GB)",Apple,"43,900",64 GB ROM15.49 cm (6.1 inch) Liquid Retina HD Display12MP + 12MP | 12MP Front CameraA13 Bionic Chip Processor1 year warranty for phone and 1 year warranty for in Box Accessories.,4.6,64 GB ROM15.49 cm (6.1 inch) Liquid Retina HD Display12MP + 12MP  12MP Front CameraA13 Bionic Chip Processor1 year warranty for phone and 1 year warranty for in Box Accessories.,"64 GB ROM,15.49 cm (6.1 inch) Liquid Retina HD Display,12MP + 12MP  12MP Front Camera,A13 Bionic Chip Processor,1 year warranty for phone and 1 year warranty for in Box Accessories.",64 GB ROM,64 GB ROM,12MP + 12MP  12MP Front Camera,12MP + 12MP  12MP Front Camera,1 year warranty for phone and 1 year warranty for in Box Accessories.,A13 Bionic Chip Processor,
"OPPO Reno 12 Pro 5G (Manish Malhotra Limited Edition, 256 GB)",OPPO,"36,999",12 GB RAM | 256 GB ROM | Expandable Upto 1 TB17.02 cm (6.7 inch) Full HD+ Display50MP + 8MP + 50MP | 50MP Front Camera5000 mAh BatteryDimensity 7300 Energy Processor1 Year Manufacturer Warranty for Device and 6 Months Manufacturer Warranty for Inbox Accessories,4.4,12 GB RAM  256 GB ROM  Expandable Upto 1 TB17.02 cm (6.7 inch) Full HD+ Display50MP + 8MP + 50MP  50MP Front Camera5000 mAh BatteryDimensity 7300 Energy Processor1 Year Manufacturer Warranty for Device and 6 Months Manufacturer Warranty for Inbox Accessories,"12 GB RAM,  256 GB ROM,  Expandable Upto 1 TB17.02 cm (6.7 inch) Full HD+ Display,50MP + 8MP + 50MP  50MP Front Camera,5000 mAh Battery,Dimensity 7300 Energy Processor,1 Year Manufacturer Warranty for Device and 6 Months Manufacturer Warranty for Inbox Accessories",12 GB RAM,256 GB ROM,Expandable Upto 1 TB17.02 cm (6.7 inch) Full HD+ Display,50MP + 8MP + 50MP  50MP Front Camera,5000 mAh Battery,Dimensity 7300 Energy Processor,
"vivo V40 5G (Ganges Blue, 128 GB)",vivo,"34,999",8 GB RAM | 128 GB ROM17.22 cm (6.78 inch) Full HD+ Display50MP + 50MP | 50MP Front Camera5500 mAh BatterySnapdragon 7 Gen 3 Processor1 Year Warranty on Handset and 6 Months Warranty on Accessories,4.5,8 GB RAM  128 GB ROM17.22 cm (6.78 inch) Full HD+ Display50MP + 50MP  50MP Front Camera5500 mAh BatterySnapdragon 7 Gen 3 Processor1 Year Warranty on Handset and 6 Months Warranty on Accessories,"8 GB RAM,  128 GB ROM,17.22 cm (6.78 inch) Full HD+ Display,50MP + 50MP  50MP Front Camera,5500 mAh Battery,Snapdragon 7 Gen 3 Processor,1 Year Warranty on Handset and 6 Months Warranty on Accessories",8 GB RAM,128 GB ROM,17.22 cm (6.78 inch) Full HD+ Display,50MP + 50MP  50MP Front Camera,5500 mAh Battery,Snapdragon 7 Gen 3 Processor,
"vivo V29 5G (Red, 256 GB)",vivo,"36,999",12 GB RAM | 256 GB ROM17.22 cm (6.78 inch) Full HD+ AMOLED Display50MP + 8MP + 2MP | 50MP Front Camera4600 mAh Battery778G Processor1 Year Manufacturer Warranty for Phone and 6 Months Warranty for In the Box Accessories,4.5,12 GB RAM  256 GB ROM17.22 cm (6.78 inch) Full HD+ AMOLED Display50MP + 8MP + 2MP  50MP Front Camera4600 mAh Battery778G Processor1 Year Manufacturer Warranty for Phone and 6 Months Warranty for In the Box Accessories,"12 GB RAM,  256 GB ROM,17.22 cm (6.78 inch) Full HD+ AMOLED Display,50MP + 8MP + 2MP  50MP Front Camera,4600 mAh Battery,778G Processor,1 Year Manufacturer Warranty for Phone and 6 Months Warranty for In the Box Accessories",12 GB RAM,256 GB ROM,17.22 cm (6.78 inch) Full HD+ AMOLED Display,50MP + 8MP + 2MP  50MP Front Camera,4600 mAh Battery,778G Processor,
"vivo V27 5G (Magic Blue, 256 GB)",vivo,"36,999",12 GB RAM | 256 GB ROM17.22 cm (6.78 Inch) Full HD+ AMOLED Display50MP (OIS) + 8MP + 2MP | 50MP Front Camera4600 mAh BatteryMediatek Dimensity 7200 5G Processor1 Year Brand Warranty,4.4,12 GB RAM  256 GB ROM17.22 cm (6.78 Inch) Full HD+ AMOLED Display50MP (OIS) + 8MP + 2MP  50MP Front Camera4600 mAh BatteryMediatek Dimensity 7200 5G Processor1 Year Brand Warranty,"12 GB RAM,  256 GB ROM,17.22 cm (6.78 Inch) Full HD+ AMOLED Display,50MP (OIS) + 8MP + 2MP  50MP Front Camera,4600 mAh Battery,Mediatek Dimensity 7200 5G Processor,1 Year Brand Warranty",12 GB RAM,256 GB ROM,17.22 cm (6.78 Inch) Full HD+ AMOLED Display,50MP (OIS) + 8MP + 2MP  50MP Front Camera,4600 mAh Battery,Mediatek Dimensity 7200 5G Processor,
"vivo X80 (Cosmic Black, 128 GB)",vivo,"54,999",8 GB RAM | 128 GB ROM17.22 cm (6.78 inch) Full HD+ Display50MP + 12MP + 12MP | 32MP Front Camera4500 mAh Lithium BatteryMediatek Dimensity 9000 Processor1 Year on Handset and 6 Months on Accessories,4.4,8 GB RAM  128 GB ROM17.22 cm (6.78 inch) Full HD+ Display50MP + 12MP + 12MP  32MP Front Camera4500 mAh Lithium BatteryMediatek Dimensity 9000 Processor1 Year on Handset and 6 Months on Accessories,"8 GB RAM,  128 GB ROM,17.22 cm (6.78 inch) Full HD+ Display,50MP + 12MP + 12MP  32MP Front Camera,4500 mAh Lithium Battery,Mediatek Dimensity 9000 Processor,1 Year on Handset and 6 Months on Accessories",8 GB RAM,128 GB ROM,17.22 cm (6.78 inch) Full HD+ Display,50MP + 12MP + 12MP  32MP Front Camera,4500 mAh Lithium Battery,Mediatek Dimensity 9000 Processor,
"Xiaomi 12 Pro 5G (Couture Blue, 256 GB)",Xiaomi,"41,999",12 GB RAM | 256 GB ROM17.09 cm (6.73 inch) Full HD+ Display50MP + 50MP + 50MP | 32MP Front Camera4600 mAh Lithium Polymer BatterySnapdragon 8 Gen 1 Processor1 Year Manufacturer Warranty for Phone and 6 Months Warranty for In the Box Accessories,4.1,12 GB RAM  256 GB ROM17.09 cm (6.73 inch) Full HD+ Display50MP + 50MP + 50MP  32MP Front Camera4600 mAh Lithium Polymer BatterySnapdragon 8 Gen 1 Processor1 Year Manufacturer Warranty for Phone and 6 Months Warranty for In the Box Accessories,"12 GB RAM,  256 GB ROM,17.09 cm (6.73 inch) Full HD+ Display,50MP + 50MP + 50MP  32MP Front Camera,4600 mAh Lithium Polymer Battery,Snapdragon 8 Gen 1 Processor,1 Year Manufacturer Warranty for Phone and 6 Months Warranty for In the Box Accessories",12 GB RAM,256 GB ROM,17.09 cm (6.73 inch) Full HD+ Display,50MP + 50MP + 50MP  32MP Front Camera,4600 mAh Lithium Polymer Battery,Snapdragon 8 Gen 1 Processor,
"vivo V40 5G (Titanium Grey, 128 GB)",vivo,"35,999",8 GB RAM | 128 GB ROM17.22 cm (6.78 inch) Full HD+ Display50MP + 50MP | 50MP Front Camera5500 mAh BatterySnapdragon 7 Gen 3 Processor1 Year Warranty on Handset and 6 Months Warranty on Accessories,4.5,8 GB RAM  128 GB ROM17.22 cm (6.78 inch) Full HD+ Display50MP + 50MP  50MP Front Camera5500 mAh BatterySnapdragon 7 Gen 3 Processor1 Year Warranty on Handset and 6 Months Warranty on Accessories,"8 GB RAM,  128 GB ROM,17.22 cm (6.78 inch) Full HD+ Display,50MP + 50MP  50MP Front Camera,5500 mAh Battery,Snapdragon 7 Gen 3 Processor,1 Year Warranty on Handset and 6 Months Warranty on Accessories",8 GB RAM,128 GB ROM,17.22 cm (6.78 inch) Full HD+ Display,50MP + 50MP  50MP Front Camera,5500 mAh Battery,Snapdragon 7 Gen 3 Processor,
"OnePlus 10R (Forest Green, 128 GB)",OnePlus,"37,990",8 GB RAM | 128 GB ROM17.02 cm (6.7 inch) Display50MP Rear Camera5000 mAh Battery1 Year Manufacturer Warranty for Handset and 6 Months Warranty for In the Box Accessories,4.3,8 GB RAM  128 GB ROM17.02 cm (6.7 inch) Display50MP Rear Camera5000 mAh Battery1 Year Manufacturer Warranty for Handset and 6 Months Warranty for In the Box Accessories,"8 GB RAM,  128 GB ROM,17.02 cm (6.7 inch) Display,50MP Rear Camera,5000 mAh Battery,1 Year Manufacturer Warranty for Handset and 6 Months Warranty for In the Box Accessories",8 GB RAM,128 GB ROM,17.02 cm (6.7 inch) Display,50MP Rear Camera,5000 mAh Battery,50MP Rear Camera,
"REDMI Note-14 Pro+ 5G (Phantom Purple, 512 GB)",REDMI,"35,900",12 GB RAM | 512 GB ROM16.94 cm (6.67 inch) Display50MP + 50MP + 8MP | 20MP Front Camera6200 mAh Battery7s Gen 3 Processor1 Year Manufacturer Warranty for Phone and 6 Months Warranty for In the Box Accessories,4.6,12 GB RAM  512 GB ROM16.94 cm (6.67 inch) Display50MP + 50MP + 8MP  20MP Front Camera6200 mAh Battery7s Gen 3 Processor1 Year Manufacturer Warranty for Phone and 6 Months Warranty for In the Box Accessories,"12 GB RAM,  512 GB ROM,16.94 cm (6.67 inch) Display,50MP + 50MP + 8MP  20MP Front Camera,6200 mAh Battery,7s Gen 3 Processor,1 Year Manufacturer Warranty for Phone and 6 Months Warranty for In the Box Accessories",12 GB RAM,512 GB ROM,16.94 cm (6.67 inch) Display,50MP + 50MP + 8MP  20MP Front Camera,6200 mAh Battery,7s Gen 3 Processor,
"OnePlus 12 (Silky Black, 256 GB)",OnePlus,"57,999",12 GB RAM | 256 GB ROM17.32 cm (6.82 inch) Display64MP Rear Camera5400 mAh Battery1 Year Brand Warranty,4.6,12 GB RAM  256 GB ROM17.32 cm (6.82 inch) Display64MP Rear Camera5400 mAh Battery1 Year Brand Warranty,"12 GB RAM,  256 GB ROM,17.32 cm (6.82 inch) Display,64MP Rear Camera,5400 mAh Battery,1 Year Brand Warranty",12 GB RAM,256 GB ROM,17.32 cm (6.82 inch) Display,64MP Rear Camera,5400 mAh Battery,5400 mAh Battery,
"OnePlus 12 (Flowy Emerald, 256 GB)",OnePlus,"64,884",12 GB RAM | 256 GB ROM17.32 cm (6.82 inch) Display64MP Rear Camera5400 mAh Battery1 Year Brand Warranty,4.6,12 GB RAM  256 GB ROM17.32 cm (6.82 inch) Display64MP Rear Camera5400 mAh Battery1 Year Brand Warranty,"12 GB RAM,  256 GB ROM,17.32 cm (6.82 inch) Display,64MP Rear Camera,5400 mAh Battery,1 Year Brand Warranty",12 GB RAM,256 GB ROM,17.32 cm (6.82 inch) Display,64MP Rear Camera,5400 mAh Battery,5400 mAh Battery,
"Google Pixel 7 (Lemongrass, 128 GB)",Google,"30,999",8 GB RAM | 128 GB ROM16.0 cm (6.3 inch) Full HD+ Display50MP + 12MP | 10.8MP Front Camera4270 mAh BatteryGoogle Tensor G2 Processor1 Year warranty,4.3,8 GB RAM  128 GB ROM16.0 cm (6.3 inch) Full HD+ Display50MP + 12MP  10.8MP Front Camera4270 mAh BatteryGoogle Tensor G2 Processor1 Year warranty,"8 GB RAM,  128 GB ROM,16.0 cm (6.3 inch) Full HD+ Display,50MP + 12MP  10.8MP Front Camera,4270 mAh Battery,Google Tensor G2 Processor,1 Year warranty",8 GB RAM,128 GB ROM,16.0 cm (6.3 inch) Full HD+ Display,50MP + 12MP  10.8MP Front Camera,4270 mAh Battery,Google Tensor G2 Processor,
"SAMSUNG Galaxy S23 5G (Cream, 256 GB)",SAMSUNG,"49,999",8 GB RAM | 256 GB ROM15.49 cm (6.1 inch) Full HD+ Display50MP + 10MP + 12MP | 12MP Front Camera3900 mAh Lithium Ion BatteryQualcomm Snapdragon 8 Gen 2 Processor1 Year Manufacturer Warranty for Device and 6 Months Manufacturer Warranty for In-Box Accessories,4.6,8 GB RAM  256 GB ROM15.49 cm (6.1 inch) Full HD+ Display50MP + 10MP + 12MP  12MP Front Camera3900 mAh Lithium Ion BatteryQualcomm Snapdragon 8 Gen 2 Processor1 Year Manufacturer Warranty for Device and 6 Months Manufacturer Warranty for In-Box Accessories,"8 GB RAM,  256 GB ROM,15.49 cm (6.1 inch) Full HD+ Display,50MP + 10MP + 12MP  12MP Front Camera,3900 mAh Lithium Ion Battery,Qualcomm Snapdragon 8 Gen 2 Processor,1 Year Manufacturer Warranty for Device and 6 Months Manufacturer Warranty for In-Box Accessories",8 GB RAM,256 GB ROM,15.49 cm (6.1 inch) Full HD+ Display,50MP + 10MP + 12MP  12MP Front Camera,3900 mAh Lithium Ion Battery,Qualcomm Snapdragon 8 Gen 2 Processor,
"SAMSUNG Galaxy S23 5G (Lavender, 128 GB)",SAMSUNG,"44,999",8 GB RAM | 128 GB ROM15.49 cm (6.1 inch) Full HD+ Display50MP + 10MP + 12MP | 12MP Front Camera3900 mAh Lithium Ion BatteryQualcomm Snapdragon 8 Gen 2 Processor1 Year Manufacturer Warranty for Device and 6 Months Manufacturer Warranty for In-Box Accessories,4.6,8 GB RAM  128 GB ROM15.49 cm (6.1 inch) Full HD+ Display50MP + 10MP + 12MP  12MP Front Camera3900 mAh Lithium Ion BatteryQualcomm Snapdragon 8 Gen 2 Processor1 Year Manufacturer Warranty for Device and 6 Months Manufacturer Warranty for In-Box Accessories,"8 GB RAM,  128 GB ROM,15.49 cm (6.1 inch) Full HD+ Display,50MP + 10MP + 12MP  12MP Front Camera,3900 mAh Lithium Ion Battery,Qualcomm Snapdragon 8 Gen 2 Processor,1 Year Manufacturer Warranty for Device and 6 Months Manufacturer Warranty for In-Box Accessories",8 GB RAM,128 GB ROM,15.49 cm (6.1 inch) Full HD+ Display,50MP + 10MP + 12MP  12MP Front Camera,3900 mAh Lithium Ion Battery,Qualcomm Snapdragon 8 Gen 2 Processor,
"OPPO Reno 12 Pro 5G (Space Brown, 256 GB)",OPPO,"36,999",12 GB RAM | 256 GB ROM | Expandable Upto 1 TB17.02 cm (6.7 inch) Full HD+ Display50MP + 8MP + 50MP | 50MP Front Camera5000 mAh BatteryDimensity 7300 Energy Processor1 Year Manufacturer Warranty for Device and 6 Months Manufacturer Warranty for Inbox Accessories,4.4,12 GB RAM  256 GB ROM  Expandable Upto 1 TB17.02 cm (6.7 inch) Full HD+ Display50MP + 8MP + 50MP  50MP Front Camera5000 mAh BatteryDimensity 7300 Energy Processor1 Year Manufacturer Warranty for Device and 6 Months Manufacturer Warranty for Inbox Accessories,"12 GB RAM,  256 GB ROM,  Expandable Upto 1 TB17.02 cm (6.7 inch) Full HD+ Display,50MP + 8MP + 50MP  50MP Front Camera,5000 mAh Battery,Dimensity 7300 Energy Processor,1 Year Manufacturer Warranty for Device and 6 Months Manufacturer Warranty for Inbox Accessories",12 GB RAM,256 GB ROM,Expandable Upto 1 TB17.02 cm (6.7 inch) Full HD+ Display,50MP + 8MP + 50MP  50MP Front Camera,5000 mAh Battery,Dimensity 7300 Energy Processor,
